用户,是否看过,五星评分,评论时间,有用数,评论内容
X教授的傻儿子,看过,推荐,2018-04-25 22:39:20,21704,《复联3》讲的是一个猪队友顺风浪了一波，然后被团灭了的故事。呵呵，卡魔拉真倒霉，爸爸是个疯子，男朋友是个傻子。
凌睿,看过,力荐,2018-04-26 00:03:05,21836,混沌初开，宇宙出现了六颗象征尊贵身份的宝石，一旦集齐就有毁天灭地的能力。它们分别是QQ空间黄钻（心灵宝石）、QQ秀红钻（现实宝石）、QQ炫舞紫钻（力量宝石）、QQ游戏蓝钻（空间宝石）、QQ音乐绿钻（时间宝石）、QQ橙钻（灵魂宝石）。为了得到六大宝石，灭霸终于对马化腾，哦不，复联下手了。
用户,是否看过,五星评分,评论时间,有用数,评论内容
X教授的傻儿子,看过,推荐,2018-04-25 22:39:20,21710,《复联3》讲的是一个猪队友顺风浪了一波，然后被团灭了的故事。呵呵，卡魔拉真倒霉，爸爸是个疯子，男朋友是个傻子。
凌睿,看过,力荐,2018-04-26 00:03:05,21845,混沌初开，宇宙出现了六颗象征尊贵身份的宝石，一旦集齐就有毁天灭地的能力。它们分别是QQ空间黄钻（心灵宝石）、QQ秀红钻（现实宝石）、QQ炫舞紫钻（力量宝石）、QQ游戏蓝钻（空间宝石）、QQ音乐绿钻（时间宝石）、QQ橙钻（灵魂宝石）。为了得到六大宝石，灭霸终于对马化腾，哦不，复联下手了。
Caunion,看过,推荐,2018-04-28 12:36:51,12797,为什么不砍手？？？？？？？
Ada Wang,看过,推荐,2018-05-11 20:00:32,11598,大家好，我是灭霸，我的手套被扣在海关了，急需要200元交罚款，如果你5月11愿意发红包给我，我保证在打响指时你会活下来。我代表我们泰坦星下发红头文件:赶在2019面之前务必要让全宇宙的人口降低一半，宇宙的人均GDP才能翻一番，实现又好又快发展。这是千年大计、宇宙大事！
燃え寸前*,看过,还行,2018-04-29 22:28:01,10757,灭霸是一个有情怀的无产主义者，不惜牺牲此生最爱来整治这个混乱而拥挤不堪的宇宙，整治完了也不是要搞什么奴隶制自己当皇帝什么的，而是隐居深山老林看着夕阳感叹人生无常，说不定有空再种种菜养养鸡什么的。以随机的方式减去一半的人口也体现了其公平性和创新性，简直就是boss里面不可多得的楷模。
摩诃曼珠沙华,看过,还行,2018-04-27 16:50:29,10069,景甜出场的那一瞬间真的太震撼了，打趴下灭霸的时候全场都起立鼓掌了，美队把自己的盾牌给了景甜希望她能做下一任美国队长，景甜拒绝了并且亮出了胸口的红旗说i am Chinese! 电影院里掌声久久不息…
香芋of-Xiang,看过,推荐,2018-04-26 03:12:37,9520,一顿操作猛如虎 一个指响秒变土
百特曼,看过,力荐,2018-04-25 20:57:17,6398,Fxxking Amazing！你以为在看妇联3，发现原来在看银护3！你以为在看银护3，发现原来在看灭霸传！你以为只是发便当，原来他妈是团餐！漫威从电影第一刻就开始用心打破观众预设的期待，灭霸是目前漫威写的最好的反派，电影饱含深情，在妇联4上映前漫威粉要集体焦虑了
超级烧伤,看过,力荐,2018-04-25 20:41:01,5668,韩国今天看完，无剧透：1：彩蛋只有字幕全部结束后的1个。2：非常震撼，刺激，过瘾，喝可乐的世界有，需要压惊，但吃爆米花的时间没有。3：漫威粉必看，非常燃。4：纸巾有的人会需要。5：反派人设非常到位，竟然有深度。6：进场前3小时别饮水。7：特效吊炸天。8：罗素兄弟太强。9：瑕不掩瑜。
夏奈,看过,力荐,2018-04-24 17:43:45,4872,两个福尔摩斯跑来纽约玩Cosplay不务正业，案子不用查了吗？
Chloé ,看过,2018-04-26 04:37:55,2018-04-26 04:37:55,4694,下一部：《复仇者联盟：逆转未来》
lalisa,看过,推荐,2018-05-04 22:02:20,4795,《灭霸：后来我什么都有了，但是没有了我们》
同志亦凡人中文站,看过,推荐,2018-04-25 11:07:34,3507,日啊这哪是妇联3，分明就是灭霸传啊！二十多个超级英雄三条故事线，全部在给灭霸打牙祭。虫铁最可爱，锤哥真正帅，星爵搅屎棍，结局看不懂！加上彩蛋还是看不懂！（没错我是鸵鸟我不相信！我！不！相！信！）
李小丢,看过,力荐,2018-05-11 04:56:41,3489,洛基卡魔拉星爵奇异博士绯红女巫其实都有机会阻止灭霸成为QQ钻皇，可生死抉择之时他们还是“自私”地将所爱之人的安危置于恪守原则拯救世界的重要性之上，他们的爱成为被利用的弱点。而灭霸截然相反，他并非绝情之人，但他个人的爱恨只能为理想让步，所以我居然觉得灭霸的人设是最复杂最带感的。
少陵野老大哭着,看过,推荐,2018-04-27 17:01:34,3232,我中途幻想的这片的结尾，是灭霸成功打响指，宇宙的一半开始毁灭，第一个消失的，就是灭霸自己
Blacksheepist,看过,力荐,2018-04-25 20:50:35,2836,居然没有让Samuel Jackson说完Motherfucker就让他领饭盒了！！
私~川流,看过,力荐,2018-04-25 15:42:32,1695,大荧幕上曾经有这样一个传统，叫做“主角光环”。今日今时，感谢这一传统的消忘，以及反派的去脸谱化，将超英类型片带入新的维度与高度。本片可贵，乃Marvel破局之作。//两米高的幻视像小可怜一样，看得我好心动。//ps：片尾有一个预告彩蛋。
曾良君,看过,推荐,2018-05-11 18:48:51,1514,请大家想一想，古今中外，不论是《但丁密码》还是《血色星期一》获得了知识与力量的大反派们为什么最终目的都是随机消灭掉一半的人类，这给了我们什么启示？不婚不育就可以做自己人生的反派！
何倩彤,看过,推荐,2018-04-25 19:41:11,1411,每一條故事線都出現「一命換一石」之兩難，人人為了所愛要半個宇宙陪葬。生命有貴賤，天佑愛人，消費者的愛尤甚。／反派是最終極的天秤座。／時間之石是BUG之泉源，世上有千萬個以它來扭轉局勢的方法。／沒異能沒裝甲的黑寡婦證明，人神魔的血統都隨便吧，宇宙最強的血統是俄羅斯人。
L'automne,看过,还行,2018-04-25 23:26:17,1420,结局简直丧出天际！灭霸竟然有内心戏！全程下来美队和钢铁侠也没见上一面，我还以为在世界末日前必然要重修旧好了！
用户,是否看过,五星评分,评论时间,有用数,评论内容
哎,看过,2018-04-27 02:49:14,2018-04-27 02:49:14,1345,所以说办公室恋情会坏事…本来都翻盘了的…
殇潮|Enigma,看过,还行,2018-04-25 18:50:16,1243,最大的笑话大概是灭霸的眼泪？
老鼠爱猫怎么办,看过,很差,2018-04-20 17:34:36,953,这种无限膨胀且不着边际的意淫题材，终将只能满足观众们少儿般天真烂漫的幻想，同样也止步于此。
FISH,看过,很差,2018-04-12 12:11:54,1008,众英雄靠什么打败灭霸？集体尬舞
可可榛子酱,看过,还行,2018-04-26 03:36:29,1025,？？？？？？不是漫威脑残粉就别来吃屎了。这个电影逻辑节奏一泡污，除了灭霸以外几乎没有角色成长，失败的群像有种“我都把你们最爱的漫威英雄塞到一起了你们还想咋样”的感觉，反正我看得不是很开心，我估计漫威粉（因为剧情）也不会很开心。
痞影人科莱昂,看过,推荐,2018-05-11 06:04:45,1125,"美队护钻忙，灭霸单手我来扛
铁人护钻忙，怒拿一血负重伤
雷神护钻忙，视死如归正面刚
博士护钻忙，机会渺茫也无妨
星爵护钻忙，银护从此无鸳鸯
黑豹护钻忙，瓦坎达里战一场
寡姐护钻忙，纵使强敌也不慌
蜘蛛护钻忙，一往无前好儿郎
阿灭抢钻忙，灰飞烟灭笑称王
粉丝抢救忙，一呼一吸透心凉"
Noodles,看过,力荐,2018-04-26 05:49:55,1090,复联三内地5.11上映，北美4.27。如果美队死了，我连头七都赶不上。
有意识的贱人,看过,推荐,2018-04-25 13:26:38,920,一直以为自己是漫威的路人，但看完《复联3》才知道漫威最强大的地方就是把每个人物都润物无声写进了你的心里，好几处泪眼婆娑。真的不要被剧透，这样你会多几次虐心，因为你不知道挂的究竟是谁。第一次看完漫威心情如此的down…节奏、视觉、情感全部被照顾到了！无限期待《复联4》！！！
猪大腿,看过,力荐,2018-04-28 14:21:06,865,灭霸是一个高尚的人，是一个脱离了私人恩怨、脱离了近身肉搏、脱离了低级趣味的人... 等一等他压根就不是个人。
urmommytiger ,看过,很差,2018-04-25 22:33:26,811,看完之后很生气
Amberose,看过,力荐,2018-05-07 15:44:46,815,我懂灭霸
Coolsky,看过,力荐,2018-04-27 14:39:38,768,坐等下集灭霸qq会员各种钻到期
大奇特(Grinch),看过,较差,2018-05-02 15:56:48,516,一向不喜复联系列，像肥皂剧拍到季终。有罗素兄弟加持，至少不是混乱爆米花。不过这集只是赋予一层假惺惺的悲壮，下集还要逆转。团队角色依旧走马灯，多数沦为跳梁小丑，甚至背离初衷的性格。可喜的是灭霸被塑造成有血有肉的灵魂角色，用的是“天之道，损有余而补不足”的道理，最后还能做到清净无为。
蓝莓酱牛肉丸,看过,力荐,2018-05-11 02:30:35,660,建议复联4明天上映。
桃桃淘电影,看过,还行,2018-05-07 05:53:02,494,太难了。。。
木卫二,看过,还行,2018-05-11 18:56:44,430,头号玩家：灭霸。本质上，就是找彩蛋大电影。战斗力波动得太厉害了，以前觉得超级英雄个个死不了，很无聊。但现在这种死法，又极端突兀（比如史塔克被插那么一刀）——更不要说灰飞湮灭，说明电影根本没有足够时间，去构筑真实的情感抉择，全是要挟绑架只能活一个……所以，更像一款漫威的电脑游戏。
教育,看过,还行,2018-04-27 10:24:32,544,漫威是不是要开启一种新的评分模式叫：这部好不好取决于你下一部怎么拍？
高端电焊工阿信,看过,很差,2018-04-25 20:05:29,370,《复仇者联盟：七堇年狂操韩庚组合》、《钢铁侠2：安妮宝贝痛扁蜘蛛侠》、《正义联盟3：金刚葫芦娃轮流咪蒙》、《漫威4：郭敬明大战绿巨人》、《时尚圈儿大乱斗5：变形金刚日翻马云》、《凛冽女子6：ayawawa夹死方舟子》。
Rilkelee,看过,还行,2018-04-27 10:49:46,567,灭霸，看透万物规律，忍辱负重，有情有义，一个男人扛起了整个宇宙的命运，迎着夕阳完成了自己的使命，我挺Thanos.
糯木,看过,力荐,2018-04-26 00:50:12,571,啊这个结尾的方式真的万万没想到，太不类型了，一点都不类型。现实、直接、举重若轻，居然还带点诗意。本来觉得看完复联3我就漫威毕业了，但是现在，我需要马上看到复联4，立刻！马上！！
用户,是否看过,五星评分,评论时间,有用数,评论内容
焚紙樓,看过,较差,2018-04-25 23:27:33,389,復仇者覺得地球碰上霉運，我倒覺得是薩諾斯矇中了好運──試想，如果洛基不偷方塊，方塊留在阿斯加，薩諾斯和泰坦族即便本事通天，又焉能在場地Buff下火力無限血條無限的奧丁家長女面前奪寶？怕不是一進神域就被扒了手套暨頭皮。你大姐還是你大姐，就算戲約不在依舊能刷存在感阿。
小十三,看过,力荐,2018-04-28 13:07:41,510,建议小蜘蛛和钢铁侠出一部泡沫情景喜剧《老学究与小学生》，或者奇异博士和钢铁侠出一档综艺《嘴炮大擂台》，这两个组合我愿意再看几十年。意外发现冬兵和火箭放在一起也挺萌的。
李阿斗,看过,力荐,2018-04-26 03:35:44,518,剧情进展太快，眼泪还没流出来就被笑出来了，笑容还没收住就被眼眶的泪水抹煞了。不过这颗情怀吃得我心满意足，片尾巨大的悬念让人不忍离开影院。荷兰首映观影结束后全场起立鼓掌不息，终于催出了我磅礴的悲伤情绪，不忍告别这个宇宙，更不忍告别初代复联成员。
张天翼,看过,力荐,2018-05-12 11:51:20,346,下一部《复仇者联盟: 我们的阴阳两界》。此去泉台招旧部，旌旗十万斩阎罗。
Zipporah,看过,很差,2018-04-28 01:50:21,398,把我基神写成智障，辣鸡mcu
哟大豪爷,看过,力荐,2018-05-12 01:46:25,379,我就是好奇托尼怎么回地球……留在火星种土豆？？？
影志,看过,推荐,2018-05-04 23:20:20,380,过于悲壮的一部，但依旧膜拜在漫威的10年聚力…我们还有多少可以失去？
1.,看过,推荐,2018-04-25 21:09:57,458,别团！等人齐！
judy,看过,较差,2018-04-26 11:57:20,328,人物過多到每個都只是出來露個臉表示我在。戲份較多的是反派Thanos，但也不覺塑造有到豐滿，連父女情都頗單薄。武戲精彩度也有降...且漫威一直加插笑點的路線，頻頻打斷這部正劇走向的劇情情緒...而所謂3和4實際就上下集關係。至於映前猜測誰死的話題...其實...根本不需煩惱吧...
L‘avenir,看过,力荐,2018-04-26 11:03:18,360,不剧透，哭晕在影院。一个时代的终结，我们80末后这一代人的星战就是妇联。见证青春的十年。Asgard之星永不坠落。反派居然挺有深度的，有意思。
舌在足矣,看过,还行,2018-04-27 13:45:54,313,“妇联3和4是独立的故事不是上下集” 呵呵呵。这部不仅不是一个完整的独立成章的复仇者电影，甚至都不能算“复仇者”电影。多名核心成员未出现，没有一次集体亮相，哪怕是各小分队内部也缺乏协作，作为绝对精神领袖的队长甚至还不如星爵塑造的丰满。这部顶多只能叫“灭霸狂虐钢铁侠和雷神的小伙伴们”
red.,看过,较差,2018-04-26 04:09:40,335,关键点都好傻，我知道你要拍续集，我知道未来可以被重写， 但那一拳真的有点傻。
Henrique Asano,看过,较差,2018-04-29 09:53:28,318,极讨厌漫威的搞笑桥段，不断打断剧情气氛。角色太多，全片没有一个可称为人物，150分钟一直在说话，结果尽是下集的铺垫，连基本的发展、高潮都不及格
KC,看过,较差,2018-04-26 21:03:43,303,好了可以了。再也不看Marvel了。我努力过了。实在是。。啥呀这是。🙄️
噼里啪啦筱譚子°,看过,较差,2018-04-25 20:21:56,269,漫威电影有史以来最不照顾路人的一部电影了，混乱时间线，草率的结局，过于强大的反派，几处剧情衔接不流畅，香港尖沙咀影院25号13点 看完留。
黄青蕉,看过,还行,2018-05-11 18:35:40,224,莫名有种大过节的你就给我看这个！？的心情，五一没上是对的，太日狗了
法兰西胶片,看过,推荐,2018-05-11 12:47:37,234,三星半。灭霸在不断变强的过程中，仿佛产生了神性，所以后面的战斗他不断放水，也不主攻，有时候甚至故意让复联找机会干死自己，这是这部电影最有趣最“个体”的地方了。
來自咖喱星,看过,力荐,2018-04-25 23:10:55,312,来香港五年半，第二次在地铁上哭……
接地气美少女,看过,还行,2018-04-27 21:09:55,296,有种在家吃完火锅之后的空虚感
水怪,看过,还行,2018-05-03 18:28:44,213,前面睡了三分之一总算接着看完，灭霸：我最放心不下的还是困难群众，不如早死早超生吧。随机牺牲一半，幸福另一半，比咋们明目张胆的社会达尔文主义要公平。
用户,是否看过,五星评分,评论时间,有用数,评论内容
风间隼,看过,很差,2018-05-11 23:01:39,179,不爱任何一个超级英雄，但是也知道他们中每一个的魅力都来自不可复制的身世和独特人格，现在被批发到一部太空肥皂剧里，纷纷沦为人肉道具，吸引力不是N倍增加，而是变成了N分之一。战斗戏的编排和想象力都严重欠费，最后的反高潮透着一股市侩——真有本事你就到此为止，别拍续集。
蜉蝣,看过,较差,2018-05-04 23:05:16,212,看片之前男朋友说怕被我剧透要分手等到上映之后再和好…==无可救药的混乱和自大，分开看所有人物都是满满的槽点。对于非粉丝来说，看剧透比看电影清晰多了。
烟波人长安,看过,力荐,2018-05-11 16:20:38,242,灭霸明显入错行了啊，这手段、这心态，适合去搞计划生育！
亵渎电影,看过,还行,2018-05-11 22:17:42,152,其实漫威电影就是将工业化的美剧模式电影化，这种电影的价值和一集美剧差不多。这年头，虽然喜欢作者电影化美剧的人越来越多，但这种传统工业化的美剧还是大众化的主流，像《权力的游戏》《绝命毒师》那种，你也不能否认这类影视剧讲故事的能力，漫威电影也属于这类，只是特效至上，更加爆米花而已。
伊谢尔伦的风,看过,推荐,2018-05-12 21:51:14,177,结尾灭霸一个人坐在那里看日落好像小王子哦…………（眼神呆滞地说）
Velox,看过,还行,2018-04-26 13:07:30,190,群像剧角色越多，就越需要一两个人成为叙事中心。导演选了灭霸，没问题，但空有论点没有论证：他做事的动机居然只是几句道理，而他的抉择，牺牲，统统表现不足，这样观众怎么会对他投入感情？英雄由于数量过多，顾及不暇，除了幻视一对，其他人都像走程序的机器人。至于massive death，只是个廉价手段
夏小正,看过,力荐,2018-04-26 11:02:59,286,洛基上来就死太难过了，钢铁侠差点死的时候我简直要哭了！凌晨的首映满场！真心给力的很，每秒都觉得抓眼球。灭霸形象塑造的很成功！
乌鸦火堂,看过,推荐,2018-05-12 10:46:26,175,宇宙级计划生育补完计划，无产阶级革命家、宇宙计生办委员会灭主任跨越整个宇宙搜集龙珠召唤“响指”的故事。这部电影的副标题又名“后来的我们”，感谢星爵，让人期待《复仇者联盟4：逆转未来》！ps，某些人跟博士学着点，人家才是坚持不剧透
vampireslayer,看过,推荐,2018-04-25 20:32:45,238,瓦坎达大战真的是燃爆，索尔天神下凡的时候真的是看哭了，但是这个结局也太惨了点？满宝石手套灭霸骑脸还怎么翻盘。。。
StormBringer,看过,推荐,2018-04-29 21:34:04,191,洛基 卡魔拉 冬兵 黑豹 红女巫 幻视 格鲁特 飞鹰 Drax 星爵 蜘蛛侠 奇异博士 OUT！
...,看过,较差,2018-04-28 12:59:27,186,讲道理，没那么好看。这一代主打的感情和英雄迟暮，有点硬。结局很惊，随后很蒙，明明知道变土的都能回来，所以看到各种真情流露就有点僵。彩蛋就是在问观众要钱，谜底和新坑明年揭晓。妇联也变的像春晚一样，看久了没啥感觉了
瓦力,看过,推荐,2018-04-25 11:52:09,185,目前最好的《复联》！有故事、有情感、有强大反派（终于有了），动作戏场场精彩，几乎没有冷场，除了结局瞬间群发一大堆便当让悲壮过于廉价，其余部分非常满意，一对比《复联2》被衬得相当垃圾。只是灭霸的动机不太新鲜了，近点来说是《但丁密码》大反派阴谋的升级，不过从地球上升到宇宙层面。8.5/10
王大根,看过,推荐,2018-05-11 18:00:02,159,不要喜欢上任何东西任何人，反正你喜欢的一切都会灰飞烟灭就对了！灭霸是他妈宇宙计生办的吗我日，不过我以后倒是可以对外宣称“我爹爱我就像灭霸一样多”了……
锅包又又😜,看过,推荐,2018-05-11 22:35:17,175,灭霸好厉害啊，迷上灭霸了，这部电影干脆叫灭霸1好了。
空语因明,看过,推荐,2018-05-03 11:41:57,181,原来灭霸是一个应用生态学家，本集目标是降低人类种群数量，维持宇宙的生态平衡。就像美国鲤鱼泛滥的时候，人类做的就是屠杀鲤鱼。
完全被忽略人士,看过,推荐,2018-04-26 09:27:58,198,灭霸粉的盛宴，灭霸无敌，灭霸杰克苏。
江湖制霸小天王,看过,很差,2018-04-26 20:55:44,174,什么傻逼电影能不能稍微尊重一下角色。所有人强行降智降战斗力故意打不过的吧？现在看时代杂志的评价真的中肯，一部没有条理、温度，并且缺乏人性的电影。
\t^h/,看过,较差,2018-04-28 18:53:48,122,就和拍了十几年的剧集变肥皂剧后，series finale里各种角色都出来打个卡一样。继上一次的城市地名幻灯片后，这次来了宇宙地名幻灯片，求求他们能选个好看点的字体吗？对比之下愈发体会到了锤哥的帅还有马脸声线的出众。
何阿嵐,看过,推荐,2018-04-29 23:12:31,146,為事業，他帶著手下一同走過幾千光年的路。為達成理想，不惜忍痛犧牲家庭，鐵漢柔情，留下的男兒淚令人神傷。他不理別人質疑，一步一步成為又激進又有責任感的環保份子(全宇宙都知道有資源短缺問題，但沒有人願意來做，我來做)，確實係新一代男神指標，他叫Thanos，志願是將全宇宙一半人口消滅。
哪吒男,看过,推荐,2018-05-04 22:07:15,110,啥？啥？啥嘛！气到跺脚脚！星爵亲爸是种马精，岳父是计生委，也难怪他脑子不正常了。
用户,是否看过,五星评分,评论时间,有用数,评论内容
喜儿喂鸭正经地,看过,力荐,2018-04-29 05:36:32,124,雷神真男人！！！
大海里的针,看过,力荐,2018-05-11 13:00:15,132,集合了漫威电影的所有优点：最悲壮的诸神黄昏，最热血的瓦坎达，最man的美队，最绝望的史塔克，最捣乱的银护，真·最没存在感的蚁人，当然还有最牛逼的宇宙计生委——灭霸！
掉线,看过,还行,2018-05-11 21:48:30,88,【B-】对于大部分电影来说，它们需要细节填满情感与人物，但迪士尼“聪明”的选择了另一条路，《复联3》的悲壮感，90%都靠前作累积出的，观众对角色早已有的了解和喜爱，用一些不高明的手段调动便可让观众自行大量脑补继而感动。这种方法廉价而高效，但能算好电影吗？反正在我这不算。
寒枝雀静,看过,推荐,2018-04-25 19:46:39,114,B / 他们从曾经的童话光环里走出，最终不得不面对凡人无常而绝望的生死疲劳，所有抗争背后都是代价。简简单单一个最核心的“交换”概念拍出了属于漫威的《一一》。几个反类型的时刻都踩得很好，假如MCU停止于此刻或许可以算是一个光辉的结尾。三部复联最高，私人MCU前三。
惘然,看过,还行,2018-05-09 16:02:20,108,男人不要再说女人看重钻石了，你看灭霸为了集齐六颗钻石，把宇宙都要搞翻天了；女人也不要说男人不解风情，灭霸与天下为敌，不过是为了能悠闲地坐下来看看夕阳……#第一次get到了雷神的帅#
Paco,看过,还行,2018-05-12 13:48:12,74,1.严肃的时候太把自己当回事，插科打诨的时候太不把自己当回事。2.除了奇异博士几乎每场打斗都是轮流在交智商税，不砍手不用时间宝石的潜在解释只有xxx种结局之唯一赢法，促成因素是博士看最透，这剧本是本尼经纪人写的吗？3.不扯计生环保，都蠢成这样了，死不足惜留一半都后患，别复活了。
H2O.,看过,力荐,2018-05-11 20:59:27,107,又名：灭霸不为众人理解使命的阐述与理想的实现。
西楼尘,看过,还行,2018-05-15 13:42:08,90,黑寡妇和绿巨人一个对视你就懂了，星爵和雷神一个对话你就笑了，美国队长和冬日战士一个拥抱你就哭了。你懂那些错过，笑那些荒唐，哭那些重逢。灭霸打了个响指，你忽然和蜘蛛侠一样难过。难过的不是世界的坍圮，而是你分明看到银幕外的自己，带着不切实际的幻想和十年的回忆，在时间的烟尘里化为灰烬。
关键是be free,看过,力荐,2018-04-25 17:03:43,148,美队没死
zka411,看过,力荐,2018-04-23 00:57:36,74,我看过了  美国队长死了！！！！！！！！！！！！！
冰山的阴影,看过,较差,2018-05-11 02:39:09,120,凌晨两点半从首映的影院散场出来，空旷的街道仿佛确如半数以上人类消失的世界。路口的指示灯零星地闪烁，只有角落里的一只猫转过脑袋从容地和我对视，另外一只翘着尾巴从墙头跳下，钻进无人的车底。你是否愿意付出所有的市声喧嚣、尔虞纷争只换此刻永恒的宁静？突然就懂了灭霸。人间不值得。
汽车大师,看过,较差,2018-05-08 22:49:04,92,作为几亿级的大片，视觉想象力之匮乏也是没谁了，偏偏还是部靠场景划分的情景喜剧。美术指导、动作设计都是零分级
wojiangwojiang,看过,力荐,2018-05-11 10:17:44,103,爆米花电影 叫灭霸的宇宙计生委员会大妈指标达成后坐看夕阳西下一脸欣慰
Thomas,看过,还行,2018-04-29 13:52:19,70,前期没关注，只看到一百篇“没给演员真剧本”通稿。然而根本不需要什么剧本，而且剧本太烂了。
Lottie,看过,推荐,2018-05-13 00:02:51,75,星爵是全片最傻逼的……还有为啥不砍手……？？？？？？？
扭腰客,看过,力荐,2018-05-12 01:33:40,61,非常燃，非常爆米花，对得起“漫威宇宙”这个title。以及，灭霸的想法其实是社会达尔文主义的产物，说他是反派，倒不如说他是一个卓越的计生委主任呀！
何婊砸,看过,力荐,2018-04-27 23:10:26,90,复仇者联盟版“霍格沃茨大战”，灭霸收集无限宝石犹如伏地魔收集魂器。全片悲壮惨烈虐心至极，只能靠英雄们间的插科打诨和斗嘴调和气氛。锤基兄弟情深，卡魔拉星云姐妹情深，灭霸卡魔拉父女情深，铁人小虫“父子”情深，幻红爱侣情深。凡人外表出场的炮总禁欲气质帅到我了！Peter Dinklage竟然有参演！
珍妮的肖像,看过,推荐,2018-05-11 22:58:36,73,古道西风灭霸，夕阳西下，断肠人在瓦坎达。
TYPHiNa,看过,力荐,2018-05-20 13:18:00,2,我已經不知道說什麼了。。。2015.4.23标记想看//2018.5.20看。只有一种感受：虐！...并且很贱地开始期待下一部（如果说妇联3是被动期待，那么下一部就是犯贱的主动期待了。ಠ_ಠ
橙橙,看过,还行,2018-04-28 12:51:26,96,什么鬼结局？电影院的人都不想走，就因为不服气英雄们都灰飞烟灭了。还有，凭什么把钢铁侠搞得那么狼狈，却把锤子哥的威力捧那么高？？
用户,是否看过,五星评分,评论时间,有用数,评论内容
马小褂,看过,较差,2018-05-11 10:57:29,67,听我一句劝，非漫威粉丝真的别来看了。这片是我看过最不照顾路人的超级英雄电影，何必浪费两个半小时在影院里睡觉呢。所有角色基本都只有功能性，非常依赖粉丝对他们的场外了解去补完个性。完全靠虐粉来营造出伪莎剧式悲壮感，然而只有情绪却不存在动机，路人只会觉得廉价可笑。
德川大嘟嘟,看过,推荐,2018-05-13 13:10:28,74,你就说有多少人头是白送的……
peter,看过,还行,2018-04-25 14:19:38,100,在世界最大IMAX看首映，彩蛋结束所有人都静静地离开连交谈都没有，全部吓傻了
慕容复,看过,力荐,2018-05-12 18:04:58,83,第一次电影演完95%的人没走等着彩蛋。
文泽尔,看过,还行,2018-05-11 14:14:02,44,星际岳云鹏痛殴极端环保主义者终致全宇宙被迫参加俄罗斯轮盘赌 打戏精彩纷呈然而故事老套 部分角色为领便当罔顾逻辑
豆瓣浅度用户,看过,还行,2018-04-28 00:20:46,68,其实视角转换到反派那里，这就是一个修真爽文。漫威的肤浅在于，缤纷的世界观之下人性反而浅显；但即便美国主流文化十分值得批判，漫威也从未停止创新。疯狂的政治家实行无差别灭族政策，虽然是在以世界主义在卖票，但核心还是美国本位。电影充满美国政坛隐喻：包容内在异化，抵抗外在异化。
恶魔的步调,看过,力荐,2018-05-11 22:20:16,54,跟魔戒比，这是相当高魔了！灭霸，前计生委形象大使！小恶魔翻身记！彩蛋是灭一半人类只为Captain Marvel打个预告片！？最后感觉可以无缝连接到Leftovers去，加上在一艘形似工程师飞船上的异形梗……达蒙·林德洛夫（普罗米修斯）居然没掺和本片！最后灭霸也灰飞烟灭那就是神片了！
荔枝超人,看过,还行,2018-05-11 19:17:42,55,眼里只有猩红女巫。
刮刮油,看过,力荐,2018-05-13 12:18:22,67,无限战争告诉你，再宏大炫酷的战争，不如撅手指头来得实在。
假装在纽约,看过,推荐,2018-05-13 16:47:41,53,从电影院出来，看路上的每一个人，觉得他们下一秒就会变成流沙，就是这种怅然若失的挫败感。
葵花卷,看过,力荐,2018-04-28 20:59:04,87,演职员表出现的一瞬间，我相信漫威收到的怒火和刀片足够发展冶钢副业。
女神的秋裤,看过,力荐,2018-05-11 13:16:27,62,告别，是唯一的办法。刚刚还喊着卧槽，影片结束，字幕一出，影院突然很安静，只听到一个女生轻轻的抽泣声…
朝阳区白百合,看过,推荐,2018-05-11 11:44:45,50,美队戏份太少，锤哥帅到惊人！
.---- .----,看过,2018-04-30 20:39:54,2018-04-30 20:39:54,57,为了能静静地看日出，不堪其扰的泰坦人灭霸只好先花点时间把游客都赶走。
木由,看过,推荐,2018-04-26 07:30:58,65,1. 路不平大家铲，理不平复联管。2.爱你爱到杀死你。 3.期末小组作业遇到坑爹队友。4.热烈庆贺本人观影史上第一个（算是）成功了的反派诞生。Ps：时隔多年再次看到玄冥二老竟是友情客串大魔王小弟，真是百感交集。
文森特九六,看过,还行,2018-04-28 19:51:07,43,视听场面上无甚创新，甚至趋于平庸，故事走向也没有打破观众的心理预期与情感预设，但是，罗素兄弟还是将灭霸塑造成了漫威电影宇宙迄今为止最为复杂的角色，挣脱了向流行文化市场批量生产输送Pop偶像的桎梏，并以此取得了十年来最为深刻的一次沉淀，因此对未来和复联4，我还是期待的。
x will old,看过,很差,2018-04-21 11:41:59,26,bug多，套路老。我还想问一句。为什么奇异博士不谈判了？为什么卡魔拉一摔就死了？为什么不砍灭霸手？灵魂宝石，心灵宝石从头到尾有什么用处？最厉害的随从为什么领便当？为什么全宇宙都是空气？
indicent time,看过,力荐,2018-04-27 19:28:39,83,严重超出了我对这一部的期待，某个情感高潮竟然来自反派，某个主角映后大概率会被各种开会，看完难过程度让我想起小时候追圣斗士冥王篇，看着一个个黄金圣斗士死去的时候……
顾盼,看过,力荐,2018-05-11 19:35:53,74,灭霸是个老实人。也最终实现了自己的梦想。
橘貓,看过,推荐,2018-04-25 12:56:15,69,《復仇者聯盟3：無限之戰》最大的劣勢，是它始終是一部故事電影，電影需要有重心，儘管時間分配已經接近完美，但對那位「主角」來說，篇幅永遠不夠，重心依然顯得搖搖欲墜；而最大的優勢，則是它像你最愛的流行音樂歌手，終於出了承諾歌迷的十年音樂生涯精選輯。無論如何，你就是沒法不喜歡這張專輯。
用户,是否看过,五星评分,评论时间,有用数,评论内容
三月天的憨人,看过,力荐,2018-04-26 01:07:06,78,星爵你是猪吗，气死我了
大时代²歌姬,看过,推荐,2018-05-12 02:07:19,37,"“宇宙有限，资源有限，人口爆炸会导致资源枯竭生态恶化。我要控制人口，打下来，流下来，就是不能生下来。” 
灭霸就像一个《三体》书迷➕计生办主任的复合体。"
饮歌,看过,推荐,2018-04-27 11:24:11,65,原本以为自己不会再为漫威的大坑血脉喷张，可在这部作品面前还是认输了。导演太会调动观众情绪了，虽然太多梗可以说连老牙都掉光了，但每一位主角从亮相到征战，都一次次让我感到燃，感到精彩。在一个超级英雄被过度消费的今天，依然能有这样的观感，也许是对我们这十几年漫威情结最好的交代。
王大盆,看过,推荐,2018-05-12 17:58:15,51,我明天就飞美国和星爵办理离婚手续
godzilla,看过,力荐,2018-05-01 23:49:54,86,刚从电影院回来，叹为观止。节奏很快，场面恢宏，场景包括了宇宙中的很多国家。这部电影在我心目中的地位就如同上个世纪的star wars. 可惜豆瓣只有5星可以表达我的喜爱与对导演编剧的智慧的尊敬。漫威到底可以给我们展现多少惊喜，智慧与想象力，下一部见，英雄们💪💪💪
欢乐分裂,看过,还行,2018-05-11 13:08:17,30,大部分时间依旧是冗长无味的粗暴打斗，光环加身的超英们即使被虐千百遍，依然能续写神话，不过以虚无对抗虚无的结尾多少提升了立意，也暗示并非绝对二元对立的初衷；较前作有进步，各线铺排匀当，众多角色的存在也不再只是露脸，各自承受命运考验，在群戏中各有功能担当。
贡丸猩猩,看过,还行,2018-05-08 19:47:40,65,《复仇者联盟3：我爱的男人都死了》
安德烈大叔,看过,还行,2018-05-12 14:00:07,49,昏昏欲睡的前半场，后半场则仿佛嗅到了钦定的感觉，下一部大概率叫《复活者联盟》。
艾晨,看过,推荐,2018-05-12 08:21:34,36,75分。没有肆意狂轰滥炸，印象最深的台词是“你不会知道我今天经历了什么。可是我们没有时间悲伤。”《灭霸：丢了你，赢了全复联又如何》，《灭霸：没了你，毁了全世界又何妨》。然而神秘博士已经看透了一切，并剧透了下一集唯一战胜灭霸的可能就是史塔克。
时间之葬,看过,还行,2018-05-11 12:47:10,40,绝大部分人物能让人留下印象的，只有最后一刻的死亡
Sophie  Z,看过,2018-04-28 08:24:51,2018-04-28 08:24:51,46,眼泪都收回去了，最后一直在默念fuck fuck fuck。等复联4结束后再给分吧。这套路，估计是最后一部里是要牺牲活着的初代Avengers来换回变灰的所有人……
雨前羽街,看过,推荐,2018-05-12 00:28:48,37,电影拍成这样就不是电影了，是嘉年华，是联欢晚会，是花车游行，是马戏团，总之除了剧情外一切都那么美好！
陈朝,看过,推荐,2018-05-11 13:01:17,37,是一种，你看着人家十年来一步一步执行一个项目，几乎没出过大差错的服气。大工业。
文文周,看过,力荐,2018-05-01 15:04:33,39,宏大的布局，充实的叙事——几乎想象不到，有一天电影可以在140分钟里写出二十个以上主要人物参与的故事，为此，十年里的每一部单片，都做了必要的铺垫。——简直是工业史上一个成功到近乎伟大的构思，加上最顶尖的视听特效，这是一次商业电影的狂欢，和胜利。
阿措~❤,看过,推荐,2018-05-15 12:19:29,31,为啥要费那老鼻子劲脱手套？砍了他不行吗？急死人了。
過期貓糧,看过,还行,2018-05-12 19:10:57,23,也不能说不好看，又一部合格的爆米花片。但这种大拼盘真的很难在人性刻画出彩，使得正义的朋友们形象空洞单薄，仿佛一群乌合之众，倒是反派有自己坚持的信念，相对比较丰满。结局内心毫无波澜，准备的纸巾也没有用上。
瑾朵朵,看过,力荐,2018-05-13 14:05:52,20,为了衬托灭霸，各位英雄的智商和实力都出现断崖式下降↓
天马星,看过,推荐,2018-04-25 10:46:15,53,纵使不舍，总归要说再见，十年的陪伴匆匆而过，有人走有人留。当尘归尘土归土，一个宇宙的湮灭何尝不是另一个宇宙的重生，于是生与死便不再可怕，因为知道总有一个宇宙有人在守候，谨献给那些逝去的英雄，亦献给那些还在战斗的英雄，谢谢你们的陪伴！
凨子,看过,力荐,2018-05-15 23:25:36,0,"2015.5.12留爪，17年再会哈


看的都是情怀，一眨眼，三年过去了。（艺都大剧院）"
徐若风,看过,还行,2018-05-11 21:51:17,28,当转折失当、容量过度成为英雄人物庞杂集结后不可避免的缺点，复联3却连基本的责任都没做到。剧作的展开几乎是概念式的，看似紧凑，实际上一直在赶，场景之间的维系“迟滞感”很重。每段营造的“悲情”都怒吼着“我就是设计出来挖坑的，请看下部复活”。而所谓的史上最佳反派更是无趣，共情点强行扭。
用户,是否看过,五星评分,评论时间,有用数,评论内容
谋杀电视机,看过,还行,2018-05-12 20:42:19,20,感觉就像喝了十年的稀粥偶尔掺碗饭的饭店终于来了碗中规中矩的白米饭，然后被一堆人夸好像吃了八宝饭的感觉。讳莫如深的什么彩蛋和剧透掩盖的是羸弱无力的故事和人物，诺兰有怕过你知道小丑.贝恩.双面人是活着还是死了么？况且这集随随便便死的一半人下集肯定活
noodles省己,看过,很差,2018-04-27 06:49:33,59,灭霸真是的，多打一个响指，就好了
Helicopter,看过,较差,2018-05-03 15:32:40,40,一个紫心番薯🍠集齐六色珠的WTF故事...应该搞个金木水火土五色更接地气啊
科林,看过,力荐,2018-05-08 22:49:50,33,米老鼠收购20世纪狐狸后，致敬《异形》也就顺理成章了。南无阿弥陀佛，大慈大悲观世音灭霸，虽滥杀无辜半载，实则救生灵于涂炭，留绿水青山于后人，毕竟绿水青山就是金山银山，此乃圣贤也~~~
席德,看过,还行,2018-05-11 13:15:27,34,内心毫无波澜。反正会复活，不然漫威宇宙怎么继续圈钱。笑点是有点，但是真的不好看。局面越打越大，打动人心的程度却不如钢铁侠1，美国队长1那时单纯的惩恶扬善、自我救赎。对所谓的劲爆场面，我的感觉就是看了无数场群殴。消灭半个宇宙是打算干嘛？是单双号限行给你的灵感吗？干脆全消灭了干净啊。
灿灿,看过,推荐,2018-04-28 13:03:13,49,漫威的电影早已舍弃了剧情，看的就是特效和打斗，罗素兄弟将自己写实的动作戏和场面调度发挥到了极致，全程高能没尿点。相比复联1的全主角群戏，这部灭霸才是男主。其他演员基本都是常规操作，只有乔什·布洛林真的是用演技在那张紫薯脸上诠释灭霸！二刷完我现在只关心他下部的命运，求轻虐…
荀水,看过,推荐,2018-05-11 22:39:29,41,剧情出乎意料的不错，当然特效也是一如既往的给力，四星。
Tony,看过,较差,2018-04-29 12:46:22,42,拍的真垃圾。结尾什么鬼 没看懂什么意思. Worst marvel movie ever. Time-wasted piece of shit
河堤上的貓,看过,力荐,2018-05-10 23:51:11,42,特效打鬥都非常刺激好看啊！一如既往的有水準 很精彩 期待下一集
马达,看过,力荐,2018-05-12 00:53:53,24,非常感动，人类电影工业的最高水平，看完想去投身电影行业的冲动。
世界尽头,看过,推荐,2018-05-11 17:42:03,39,节奏快，英雄多，看得真是非常过瘾了。这集反派特别给力，看着我们的英雄们被各种按在地上摩擦真的好心疼，期待下一集。
mideastsptfire,看过,较差,2018-05-02 12:50:26,32,Emotional terrorism. 结尾大战男女分开，编剧体育老师. Thanos也信Malthus...有了对比Age of Ultron的剧本瞬间完整. okoye和stark两个眼神是全片唯二笑点. scarlet witch的毛子口音没了 可能和机器人谈恋爱就是为了练口语吧…
想变兔子的薄荷,看过,力荐,2018-05-11 07:34:00,64,便当看得我心巨累，便当不要钱吗导演，能不能不要到彩蛋还在发继续啊啊啊啊啊啊
呆萌小七,看过,力荐,2018-05-11 22:53:27,49,看完毫不犹豫的5星，太赞了，特效炫酷，致我心中永远的英雄！
Emily,看过,推荐,2018-05-11 20:03:41,41,特效很酷炫，剧情反套路，抛了很多梗。
浅时光,看过,力荐,2018-05-11 16:30:29,43,刚从电影院出来，不一样的英雄，有感情的灭霸，大结局一些人消失的时候，忍不住哭了😭。下一部，等你来，英雄不再见
Mr.Charles,看过,还行,2018-04-27 14:30:34,35,垃圾漫威 毁我青春
百草幽香,看过,很差,2018-05-03 12:07:44,34,艹他大爷的漫威！滚犊子吧。我没看，但我就是想打一星。现在想想，难怪CE连洛杉矶首映都没去呢，一共就他妈6分钟的戏，谁在乎这鸟片啊。
倾内,看过,推荐,2018-05-12 18:10:09,30,大boss是个无惧背负骂名的实干派
傻冒叔,看过,推荐,2018-05-12 22:44:16,36,虽然是爆米花圈钱大片，可结尾那么长的字幕，可见汇聚了多少细分行业多少人才，技术达到极致就是艺术啊。
用户,是否看过,五星评分,评论时间,有用数,评论内容
谢谢你们的鱼,看过,力荐,2018-05-11 02:24:00,14,爽炸，仅次于《美队3》的漫威电影，编剧逆天，导演开挂，从头到尾都是高潮，尖叫连连，《权力的游戏》，你怕了吗？
Iberian,看过,还行,2018-04-27 08:44:36,33,"字幕开始滚动后，第一排有人大喊""I want my money back""，最后一排有人迫不及待地开始飞叶子，满厅飘香。Me? I am just very confused."
皮革业,看过,还行,2018-05-16 15:00:35,18,这个故事告诉我们，掌握世界甚至宇宙的，永远都是那种迎曙光晨勃、看夕阳落泪、爱收干闺女、说到做到的老派男人。
游来游去,看过,推荐,2018-04-27 04:50:54,41,复仇者联盟4：轮回天生
名川,看过,推荐,2018-05-11 03:08:37,48,所有人都兴冲冲来看复联3，看完又都奔丧一样地走出去。
路西法尔,看过,还行,2018-05-11 13:44:41,13,很久没见过外星怪兽无脑冲锋了，很怀念。其实打灭霸鹰眼和死侍就够了，一个不死之身一个自动回避所有flag，看旺达的表现凤凰女单挑灭霸估计也没压力，吹飞是最无用的技能。漫威两个压箱底的绝招：串门和拆CP，内战就是拆CP，这次更是一口气拆了所有的CP，靠把这些CP正过来漫威就还能再续十年。
啵酱,看过,还行,2018-05-11 15:02:26,48,分好高，可是结局真的令人失望，仓促凌乱，是导演敷衍还是功力下降？
l ǐ,看过,力荐,2018-05-12 02:34:57,35,……我永远喜欢托尼·史塔克。
薛特勒拉底,看过,力荐,2018-04-26 10:03:54,45,一场从一千四百万零六百零五种可能性里寻求唯一解的游戏。紧凑到完全没有反应时间，可以挂着泪珠哈哈大笑，这时候无比感激那些嘴炮宝宝逗比宝宝抚平内心伤痕。情绪给人酝酿最久的是等彩蛋那一会儿了吧。给国内同胞和这十年一剑最大的尊重是毫不剧透。
王写写,看过,还行,2018-05-08 17:14:25,25,看完后波澜不惊。没多失望也没多满意。快感时不时有点，更多时候只有旁观之感。没指望它能把角色都塑造立体，其他部分也就不过不失。包括灭霸本身，是比过往的反派更生动些，但也止步于此。亲情戏成为唯一的新维度，动机和策略却仍是刻板的直线条。影片前段令人兴奋，越往后越疲软，最终浪费了情感高潮
囧囧有神晨小咩,看过,推荐,2018-05-12 16:13:23,24,看完懵了，现在都没缓过来。
基瑞尔,看过,推荐,2018-05-11 20:48:24,16,结束出影院戴上耳机听歌，手机突然放到安安的《Hero》...“I'll be your hero...”我竟然一个爆哭讲真的。面对喜欢的演员在漫威总是一件玄学的事，一方面希望赶紧抽身，不要浪费艺术生涯看多样化的角色；一方面真来了又会难过...【庆祝自己16天成功断网yoyoyo...！等Brie Larson小姐驾到！
方枪枪,看过,推荐,2018-05-11 03:08:58,21,就像是一锅大杂烩，但完成度颇高，插科打诨和大场面还是之前漫威的老路子，当然这一部确实很悲壮。娱乐性极高的爆米花电影，现场出来，发现看哭了不少姑娘，何必呢？奇异博士前后反差有伏笔，当然还有最后留下来的那些人，其实也有门路在里面。星爵顺风浪一波，神坑队友，绿巨人这部真的是怂。3.7
陆支羽,看过,推荐,2018-05-11 21:33:17,18,3.5。1.不灭不霸，是宿命，是羁绊，是即便众叛亲离也要拿到玩具的执念；这种超脱野心的天真，造就了灭霸这个角色的成功。2.漫威绞尽脑汁反套路的努力：本以为会死的没死，不相信会死的死了。3.不管会否逆转未来，至少我愿意勇敢面对，英雄也可能死得轻于鸿毛；造了十年不死传奇，终于残酷一把，挺好。
UrthónaD'Mors,看过,推荐,2018-05-11 15:02:11,23,其实灭霸是环保局的终极左翼分子吧？除了Loki死了真的觉得很可惜之外，我觉得剩下那些消逝的人，存活的人只，战斗力被大大削弱的人还是等第四部见分晓吧，毕竟“爱奇艺”博士说这是only way，但最可怜背锅侠只能送给搅屎棍星爵了～ps始终闹不明白这波死到底是随机还是有一定概率问题
LF,看过,推荐,2018-05-12 10:25:04,29,喜欢灭霸：大块头，结实的肌肉，不花哨的打扮，简朴而精确的出拳，从不躲闪坚持正面刚的战斗风格，坚毅的眼神，远大的梦想，毫不说废话的行动风格，脚踏实地完成目标的人生哲学。
七颗栗子,看过,推荐,2018-05-14 22:50:24,13,在知乎和贴吧看了会儿漫威讨论，发现能打灭霸的各路神仙竟有一大堆。什么地球神级，宇宙级，多元宇宙级！超大宇宙级！全能宇宙级！很多角色的能力比我小时候觉得最夸张的七龙珠还要夸张一亿倍。男孩子基本上不讨论爱恨情仇，只讨论谁比谁厉害。漫威大概称得上“男孩子终极豪华套餐”了。
等一个人,看过,力荐,2018-05-14 09:15:56,16,我喜欢阿灭
王食欲,看过,推荐,2018-05-11 22:25:05,29,浩克真是个实在汉子啊！
肖恩恩恩恩肖,看过,推荐,2018-05-12 17:12:28,15,前半场悲剧氛围渲染到位，我就把它当美少女战士的最后一集看了。正当猜测到底哪位才是根正苗红的公主水兵月的时候，下半场不知不觉就结束了……赌五毛钱下一集会逆转未来，大家就当这一部什么都没发生过好了。#响指
用户,是否看过,五星评分,评论时间,有用数,评论内容
路易绕,看过,力荐,2018-05-11 02:30:53,35,辛辛苦苦搞十年，一夜回到解放前。
美神经,看过,推荐,2018-05-11 21:14:42,10,有点小小的难过，从头压制到尾。结局是邪恶战胜了正义，但是看到灭霸在独自一人看落日的时候，突然觉得他得到了一切，却又失去了很多，幸亏他还能看见落日
帽匠,看过,推荐,2018-04-26 00:31:32,53,漫威不要脸，到底谁死了，谁没死，谁真死，谁假死，把话说清楚再走！
Ann,看过,推荐,2018-05-01 10:14:47,12,一个马尔萨斯学派的super villain。
Evarnold,看过,力荐,2018-05-11 02:57:39,25,我死硬地说，复联3仍然没有超过黑暗骑士。但。。。也没差多少了。。。刀片概念股将大涨，届时漫威熔个铁王座吧！
安蓝·怪伯爵,看过,力荐,2018-05-13 14:04:18,15,全程我只希望灭霸赶紧集齐宝石打个响指把电影院聊逼天儿的傻逼们都灰飞了！
野子,看过,力荐,2018-05-15 20:16:17,17,莫名觉得灭霸很可爱，看到最后想和他一起看日出。
血腥小伙伴,看过,还行,2018-05-12 10:26:33,54,星爵死了差评，星爵人设崩了差评，星爵胖了差评
城南草木生,看过,推荐,2018-05-11 22:10:22,22,反对计划生育。
花落月西,看过,力荐,2018-05-14 17:13:36,1,不充会员你们就想打过已开通蓝、紫、绿、黄、红、橙钻的人民币玩家？
京客隆小丸子,看过,推荐,2018-05-11 23:51:33,21,求出灭霸系列
猕猴桃将军,看过,还行,2018-05-01 20:41:16,32,全程观感：在吃重庆老火锅 突然往里下了一盘酸菜馅饺子 刚吃了几口又往里加了山东煎饼卷大葱 一碗米饭 一份拍黄瓜 一份干锅鸭头 然后喊服务员来加汤 直接一盒汇源果汁倒锅里了
hit the sack,看过,还行,2018-05-02 08:15:09,25,"本来“一个响指抹一半”只是无限宝石力量的冰山一角、不足为奇，却改成“集齐六颗才能打响指”、“集齐六颗只为响指”，真是笑话，也不知道mind stone和抹除生命有什么必然关系？
另，以为多死几个人就是史诗了？贱过浑过现在想正经了，怎么让人正经得起来？观众凭什么要在乎这些无心角色的死活？"
El Guaje,看过,推荐,2018-04-27 02:56:09,33,没办法，队长出现刹那还是泪了一下……兜转那么多年过去，才发觉自己最爱的始终是三巨头——如今看来，一切也确实要由他们仨来结束了。
饱肚师叔,看过,推荐,2018-05-03 10:09:48,24,最后大反派到的异度空间我一瞬间以为是天庭并且接见他的是太上老君。
Bulbasaur,看过,力荐,2018-05-02 09:26:10,45,近年来，漫威作品一直保持着很高的水准。这部电影已经把战场扩大到了整个星际，仍然是我们熟悉的英雄们，不过添加了很多新的人物。智慧，流畅的故事线，惊人的视觉特效，很多的超级英雄，绝对值得票价和时间。
隔壁山田,看过,还行,2018-05-12 20:10:59,17,就不需要看漫画了解灭霸的成长经历，他从哪来他经历了什么他怎可能真爱卡魔拉……只要在内地深度活过这几年，都会很自然地理解：我有深爱的人，同时也愿意与那些混蛋同归于尽。
antares,看过,力荐,2018-05-11 03:05:19,19,灭霸这个想法感觉也不是不可以理解……
诸葛不要·星,看过,推荐,2018-05-11 16:51:29,21,谁能横刀立马，唯有灭霸将军。灭霸戏很足，一改往年漫威反派弱鸡戏码。有亲情，有身世，二十几位超英沦为手下败将。谈笑间，半个宇宙，响指灰飞烟灭。多个CP被虐散，惨惨惨。罗素兄弟导演调度强，多线叙事却不乱，梗一个接一个，超英时间虽有限，每人戏份却出彩。凭谁问，灭霸老矣，尚能打否？
ｙｏｋｏ,看过,力荐,2018-04-27 04:09:02,39,年度绝望电影。
用户,是否看过,五星评分,评论时间,有用数,评论内容
妖孽坐地成仙,看过,力荐,2018-05-12 01:09:37,19,本质上灭霸也没错，走的还是可持续发展的道路。最后就是灭霸幸福的看日出日落？
蔕,看过,力荐,2018-05-11 23:17:11,20,没有给观众一刻缓冲时间，故事就在突然的绝望中戛然而止。这是我看过的所有影视作品中最强大的反派BOSS，而且有着信念和理智，冷静追求着他的追求。漫威世界里，不论超级英雄还是反派，都体现着人的一面，也许他们强大如神，但悲伤和苦痛，与我们一样。5星以上，我爱Avengers每个人，期待明年
释凡,看过,较差,2018-05-13 21:32:38,11,漫威清楚瞎编凑英雄乱打，骂一万只草泥马，却不能枪毙丫的，就拍欺世盗名伪神作！比《黑豹》差一万《蝙蝠侠大战超人》灭霸人口灭绝理论弱智脱离现实，雷神炸不死漂流被愣救？卡魔拉养女？给雷神眼珠就按上？纳米技术蜘蛛侠就背上长银钩？恢弘群P血战，山寨克赛时间复活秒杀幻灭，宇宙无敌为独看夕阳？
躲猫猫社社长,看过,2018-04-26 15:38:34,2018-04-26 15:38:34,16,Where? Who? Why?! Take that! 请听下回分解。 人太多太杂了？合同要到期了？那大家先散了吧。Let’s not pretend that there’s any real stakes in the MCU.
Q。,看过,推荐,2018-05-14 23:20:56,10,灭霸，一个自律且牛逼的男人★★★★
火火,看过,力荐,2018-05-03 09:01:58,19,"新出来很多角色，比如树孩子，小浣熊……. 节奏真的很快，英雄很多，你必须全神贯注。
坏人很有深度也很让人同情。钢铁侠作为蜘蛛侠的导师，很有爱。场面之恢弘，让人叹为观止。"
江山如是,看过,力荐,2018-05-12 23:34:33,25,多久没碰到一部让全场观众忍耐十分钟片尾等十几秒彩蛋的电影了！
Terence_W_Yang,看过,还行,2018-04-29 02:59:01,21,一部极高风险的作品但显然只拍了一半，如此多角色的多线程安排令剪辑几乎崩溃了，但漫威这么多年的铺垫可以说还是获得了回报，只是革命尚未完成，但无疑能确定的是，漫威的成功在于全面的角色定位，而这次灭霸是绝对的全场最佳，恐惧感和力量感都非常好。
妙可中国,看过,推荐,2018-04-30 16:48:54,10,有着许多小情节和多部前作铺垫下的惊喜，可大体仍是一次预期内的阶段性总结。肤浅的笑料频频打断情绪，基本成了当今迪宝漫威出品的一贯作风，诚然灭霸在这里是被当作核心主角来处理，也比往届一部死的反派成功的多，但英雄这边，至终都缺少一两位核心，美队纯粹打手示人。（幻视女巫还是赚足眼泪的。）
纤纤,看过,还行,2018-05-11 08:08:07,16,漫威迷不容错过，普通人看个热闹+特效，票价还算值。
Amiko。柒。,看过,力荐,2018-05-11 16:09:01,10,好生气哦好绝望啊但是我还是要给五星啊。控制不住我寄几。（美队不梳油头我get了他的帅点。
吮指原味田鸡,看过,较差,2018-04-27 04:00:11,40,经过十年不懈努力，漫威对商业片的理解终于达到了张艺谋的水平。
小馒头超可爱,看过,推荐,2018-05-12 00:57:20,46,小蜘蛛😭😭😭😭别走啊小蜘蛛
公蝇,看过,很差,2018-05-11 01:03:13,14,一个前同事很期待呢，还说要把剧透的任何人拉黑，公主脾气，恶心，直接一星。
品客,看过,推荐,2018-05-13 20:07:18,8,当你觉得漫威越来越无聊越来越同质化，把复仇者联盟当作春晚看热闹时，这部阶段性的句号竟然拍出了感叹号的水准，比想象中好太多了，而且对于灭霸的角色塑造很有深度，第一次看到绝对中立阵营的反派。
七月的色烈芬_,看过,推荐,2018-05-02 02:28:05,17,有剧透#计生办局长灭霸莫名其妙杀了半宇宙人之后无所事事地看日出真是醉了。除了黑豹这个渣渣几乎每个主要英雄都在和灭霸交手中露了两手帅爆了。然而没齐宝石的情况下都被碾压成这样并且死了一半【死剩的都是一代英雄】坑挖那么大下一场怎么填！最后 星爵不拖出去枪毙二十分钟真对不起各位了。
窗窗,看过,较差,2018-04-26 09:38:15,46,感觉就像看了一台小品精选………从摄影到剪辑，割裂感非常严重。真正喜欢的只有星爵吃醋+爱丁堡落难鸳鸯两段
尼日利亚黑珍珠,看过,推荐,2018-05-11 16:06:56,7,我的瓦坎达！！！！我的国王陛下！！！！啊啊啊啊啊啊，死紫薯精！！！话说灭霸从头到尾就无敌啊！！！从头到尾！！！还打个什么劲？！
何小沁,看过,推荐,2018-05-12 22:30:48,15,看的时候我脑子里只有四个字：巨星光环，每个角色/IP都是巨星，每个演员都是巨星，当然最强巨星是漫威，只有漫威这样的厂牌能用十年时间将宇宙概念推向全球观众。这一集再不用像前两集那样冗长地铺垫，分分钟都是爆点。这一次反派成为“主角”，英雄集体陷入空前绝望境地。这次奇异博士好圈粉，超爱
维雪魂,看过,还行,2018-05-11 03:33:03,9,罗素兄弟优缺点都比较明显了：他能设计出非常出色的动作场面，花样层出不穷，然而叙事真不是他的强项，想要顾及情感和氛围的处理、多花笔墨营造史诗悲壮感更是难上加难。简单的故事交他手上能把电影优点最大化（美队2）。而过于复杂的故事让他的缺点暴露的十分明显，优点随之被掩盖下去（复联3）。
用户,是否看过,五星评分,评论时间,有用数,评论内容
X教授的傻儿子,看过,推荐,2018-04-25 22:39:20,21711,《复联3》讲的是一个猪队友顺风浪了一波，然后被团灭了的故事。呵呵，卡魔拉真倒霉，爸爸是个疯子，男朋友是个傻子。
凌睿,看过,力荐,2018-04-26 00:03:05,21848,混沌初开，宇宙出现了六颗象征尊贵身份的宝石，一旦集齐就有毁天灭地的能力。它们分别是QQ空间黄钻（心灵宝石）、QQ秀红钻（现实宝石）、QQ炫舞紫钻（力量宝石）、QQ游戏蓝钻（空间宝石）、QQ音乐绿钻（时间宝石）、QQ橙钻（灵魂宝石）。为了得到六大宝石，灭霸终于对马化腾，哦不，复联下手了。
Caunion,看过,推荐,2018-04-28 12:36:51,12798,为什么不砍手？？？？？？？
Ada Wang,看过,推荐,2018-05-11 20:00:32,11599,大家好，我是灭霸，我的手套被扣在海关了，急需要200元交罚款，如果你5月11愿意发红包给我，我保证在打响指时你会活下来。我代表我们泰坦星下发红头文件:赶在2019面之前务必要让全宇宙的人口降低一半，宇宙的人均GDP才能翻一番，实现又好又快发展。这是千年大计、宇宙大事！
燃え寸前*,看过,还行,2018-04-29 22:28:01,10759,灭霸是一个有情怀的无产主义者，不惜牺牲此生最爱来整治这个混乱而拥挤不堪的宇宙，整治完了也不是要搞什么奴隶制自己当皇帝什么的，而是隐居深山老林看着夕阳感叹人生无常，说不定有空再种种菜养养鸡什么的。以随机的方式减去一半的人口也体现了其公平性和创新性，简直就是boss里面不可多得的楷模。
摩诃曼珠沙华,看过,还行,2018-04-27 16:50:29,10072,景甜出场的那一瞬间真的太震撼了，打趴下灭霸的时候全场都起立鼓掌了，美队把自己的盾牌给了景甜希望她能做下一任美国队长，景甜拒绝了并且亮出了胸口的红旗说i am Chinese! 电影院里掌声久久不息…
香芋of-Xiang,看过,推荐,2018-04-26 03:12:37,9520,一顿操作猛如虎 一个指响秒变土
百特曼,看过,力荐,2018-04-25 20:57:17,6399,Fxxking Amazing！你以为在看妇联3，发现原来在看银护3！你以为在看银护3，发现原来在看灭霸传！你以为只是发便当，原来他妈是团餐！漫威从电影第一刻就开始用心打破观众预设的期待，灭霸是目前漫威写的最好的反派，电影饱含深情，在妇联4上映前漫威粉要集体焦虑了
超级烧伤,看过,力荐,2018-04-25 20:41:01,5668,韩国今天看完，无剧透：1：彩蛋只有字幕全部结束后的1个。2：非常震撼，刺激，过瘾，喝可乐的世界有，需要压惊，但吃爆米花的时间没有。3：漫威粉必看，非常燃。4：纸巾有的人会需要。5：反派人设非常到位，竟然有深度。6：进场前3小时别饮水。7：特效吊炸天。8：罗素兄弟太强。9：瑕不掩瑜。
夏奈,看过,力荐,2018-04-24 17:43:45,4872,两个福尔摩斯跑来纽约玩Cosplay不务正业，案子不用查了吗？
Chloé ,看过,2018-04-26 04:37:55,2018-04-26 04:37:55,4694,下一部：《复仇者联盟：逆转未来》
lalisa,看过,推荐,2018-05-04 22:02:20,4795,《灭霸：后来我什么都有了，但是没有了我们》
同志亦凡人中文站,看过,推荐,2018-04-25 11:07:34,3507,日啊这哪是妇联3，分明就是灭霸传啊！二十多个超级英雄三条故事线，全部在给灭霸打牙祭。虫铁最可爱，锤哥真正帅，星爵搅屎棍，结局看不懂！加上彩蛋还是看不懂！（没错我是鸵鸟我不相信！我！不！相！信！）
李小丢,看过,力荐,2018-05-11 04:56:41,3489,洛基卡魔拉星爵奇异博士绯红女巫其实都有机会阻止灭霸成为QQ钻皇，可生死抉择之时他们还是“自私”地将所爱之人的安危置于恪守原则拯救世界的重要性之上，他们的爱成为被利用的弱点。而灭霸截然相反，他并非绝情之人，但他个人的爱恨只能为理想让步，所以我居然觉得灭霸的人设是最复杂最带感的。
少陵野老大哭着,看过,推荐,2018-04-27 17:01:34,3232,我中途幻想的这片的结尾，是灭霸成功打响指，宇宙的一半开始毁灭，第一个消失的，就是灭霸自己
Blacksheepist,看过,力荐,2018-04-25 20:50:35,2836,居然没有让Samuel Jackson说完Motherfucker就让他领饭盒了！！
私~川流,看过,力荐,2018-04-25 15:42:32,1695,大荧幕上曾经有这样一个传统，叫做“主角光环”。今日今时，感谢这一传统的消忘，以及反派的去脸谱化，将超英类型片带入新的维度与高度。本片可贵，乃Marvel破局之作。//两米高的幻视像小可怜一样，看得我好心动。//ps：片尾有一个预告彩蛋。
曾良君,看过,推荐,2018-05-11 18:48:51,1515,请大家想一想，古今中外，不论是《但丁密码》还是《血色星期一》获得了知识与力量的大反派们为什么最终目的都是随机消灭掉一半的人类，这给了我们什么启示？不婚不育就可以做自己人生的反派！
何倩彤,看过,推荐,2018-04-25 19:41:11,1411,每一條故事線都出現「一命換一石」之兩難，人人為了所愛要半個宇宙陪葬。生命有貴賤，天佑愛人，消費者的愛尤甚。／反派是最終極的天秤座。／時間之石是BUG之泉源，世上有千萬個以它來扭轉局勢的方法。／沒異能沒裝甲的黑寡婦證明，人神魔的血統都隨便吧，宇宙最強的血統是俄羅斯人。
L'automne,看过,还行,2018-04-25 23:26:17,1420,结局简直丧出天际！灭霸竟然有内心戏！全程下来美队和钢铁侠也没见上一面，我还以为在世界末日前必然要重修旧好了！
用户,是否看过,五星评分,评论时间,有用数,评论内容
哎,看过,2018-04-27 02:49:14,2018-04-27 02:49:14,1345,所以说办公室恋情会坏事…本来都翻盘了的…
殇潮|Enigma,看过,还行,2018-04-25 18:50:16,1243,最大的笑话大概是灭霸的眼泪？
老鼠爱猫怎么办,看过,很差,2018-04-20 17:34:36,953,这种无限膨胀且不着边际的意淫题材，终将只能满足观众们少儿般天真烂漫的幻想，同样也止步于此。
FISH,看过,很差,2018-04-12 12:11:54,1008,众英雄靠什么打败灭霸？集体尬舞
可可榛子酱,看过,还行,2018-04-26 03:36:29,1025,？？？？？？不是漫威脑残粉就别来吃屎了。这个电影逻辑节奏一泡污，除了灭霸以外几乎没有角色成长，失败的群像有种“我都把你们最爱的漫威英雄塞到一起了你们还想咋样”的感觉，反正我看得不是很开心，我估计漫威粉（因为剧情）也不会很开心。
痞影人科莱昂,看过,推荐,2018-05-11 06:04:45,1125,"美队护钻忙，灭霸单手我来扛
铁人护钻忙，怒拿一血负重伤
雷神护钻忙，视死如归正面刚
博士护钻忙，机会渺茫也无妨
星爵护钻忙，银护从此无鸳鸯
黑豹护钻忙，瓦坎达里战一场
寡姐护钻忙，纵使强敌也不慌
蜘蛛护钻忙，一往无前好儿郎
阿灭抢钻忙，灰飞烟灭笑称王
粉丝抢救忙，一呼一吸透心凉"
Noodles,看过,力荐,2018-04-26 05:49:55,1090,复联三内地5.11上映，北美4.27。如果美队死了，我连头七都赶不上。
有意识的贱人,看过,推荐,2018-04-25 13:26:38,920,一直以为自己是漫威的路人，但看完《复联3》才知道漫威最强大的地方就是把每个人物都润物无声写进了你的心里，好几处泪眼婆娑。真的不要被剧透，这样你会多几次虐心，因为你不知道挂的究竟是谁。第一次看完漫威心情如此的down…节奏、视觉、情感全部被照顾到了！无限期待《复联4》！！！
猪大腿,看过,力荐,2018-04-28 14:21:06,865,灭霸是一个高尚的人，是一个脱离了私人恩怨、脱离了近身肉搏、脱离了低级趣味的人... 等一等他压根就不是个人。
urmommytiger ,看过,很差,2018-04-25 22:33:26,811,看完之后很生气
Amberose,看过,力荐,2018-05-07 15:44:46,815,我懂灭霸
Coolsky,看过,力荐,2018-04-27 14:39:38,768,坐等下集灭霸qq会员各种钻到期
大奇特(Grinch),看过,较差,2018-05-02 15:56:48,516,一向不喜复联系列，像肥皂剧拍到季终。有罗素兄弟加持，至少不是混乱爆米花。不过这集只是赋予一层假惺惺的悲壮，下集还要逆转。团队角色依旧走马灯，多数沦为跳梁小丑，甚至背离初衷的性格。可喜的是灭霸被塑造成有血有肉的灵魂角色，用的是“天之道，损有余而补不足”的道理，最后还能做到清净无为。
蓝莓酱牛肉丸,看过,力荐,2018-05-11 02:30:35,660,建议复联4明天上映。
桃桃淘电影,看过,还行,2018-05-07 05:53:02,494,太难了。。。
木卫二,看过,还行,2018-05-11 18:56:44,430,头号玩家：灭霸。本质上，就是找彩蛋大电影。战斗力波动得太厉害了，以前觉得超级英雄个个死不了，很无聊。但现在这种死法，又极端突兀（比如史塔克被插那么一刀）——更不要说灰飞湮灭，说明电影根本没有足够时间，去构筑真实的情感抉择，全是要挟绑架只能活一个……所以，更像一款漫威的电脑游戏。
教育,看过,还行,2018-04-27 10:24:32,544,漫威是不是要开启一种新的评分模式叫：这部好不好取决于你下一部怎么拍？
高端电焊工阿信,看过,很差,2018-04-25 20:05:29,370,《复仇者联盟：七堇年狂操韩庚组合》、《钢铁侠2：安妮宝贝痛扁蜘蛛侠》、《正义联盟3：金刚葫芦娃轮流咪蒙》、《漫威4：郭敬明大战绿巨人》、《时尚圈儿大乱斗5：变形金刚日翻马云》、《凛冽女子6：ayawawa夹死方舟子》。
Rilkelee,看过,还行,2018-04-27 10:49:46,567,灭霸，看透万物规律，忍辱负重，有情有义，一个男人扛起了整个宇宙的命运，迎着夕阳完成了自己的使命，我挺Thanos.
糯木,看过,力荐,2018-04-26 00:50:12,571,啊这个结尾的方式真的万万没想到，太不类型了，一点都不类型。现实、直接、举重若轻，居然还带点诗意。本来觉得看完复联3我就漫威毕业了，但是现在，我需要马上看到复联4，立刻！马上！！
用户,是否看过,五星评分,评论时间,有用数,评论内容
焚紙樓,看过,较差,2018-04-25 23:27:33,389,復仇者覺得地球碰上霉運，我倒覺得是薩諾斯矇中了好運──試想，如果洛基不偷方塊，方塊留在阿斯加，薩諾斯和泰坦族即便本事通天，又焉能在場地Buff下火力無限血條無限的奧丁家長女面前奪寶？怕不是一進神域就被扒了手套暨頭皮。你大姐還是你大姐，就算戲約不在依舊能刷存在感阿。
小十三,看过,力荐,2018-04-28 13:07:41,510,建议小蜘蛛和钢铁侠出一部泡沫情景喜剧《老学究与小学生》，或者奇异博士和钢铁侠出一档综艺《嘴炮大擂台》，这两个组合我愿意再看几十年。意外发现冬兵和火箭放在一起也挺萌的。
李阿斗,看过,力荐,2018-04-26 03:35:44,518,剧情进展太快，眼泪还没流出来就被笑出来了，笑容还没收住就被眼眶的泪水抹煞了。不过这颗情怀吃得我心满意足，片尾巨大的悬念让人不忍离开影院。荷兰首映观影结束后全场起立鼓掌不息，终于催出了我磅礴的悲伤情绪，不忍告别这个宇宙，更不忍告别初代复联成员。
张天翼,看过,力荐,2018-05-12 11:51:20,346,下一部《复仇者联盟: 我们的阴阳两界》。此去泉台招旧部，旌旗十万斩阎罗。
Zipporah,看过,很差,2018-04-28 01:50:21,398,把我基神写成智障，辣鸡mcu
哟大豪爷,看过,力荐,2018-05-12 01:46:25,379,我就是好奇托尼怎么回地球……留在火星种土豆？？？
影志,看过,推荐,2018-05-04 23:20:20,380,过于悲壮的一部，但依旧膜拜在漫威的10年聚力…我们还有多少可以失去？
1.,看过,推荐,2018-04-25 21:09:57,458,别团！等人齐！
judy,看过,较差,2018-04-26 11:57:20,328,人物過多到每個都只是出來露個臉表示我在。戲份較多的是反派Thanos，但也不覺塑造有到豐滿，連父女情都頗單薄。武戲精彩度也有降...且漫威一直加插笑點的路線，頻頻打斷這部正劇走向的劇情情緒...而所謂3和4實際就上下集關係。至於映前猜測誰死的話題...其實...根本不需煩惱吧...
L‘avenir,看过,力荐,2018-04-26 11:03:18,360,不剧透，哭晕在影院。一个时代的终结，我们80末后这一代人的星战就是妇联。见证青春的十年。Asgard之星永不坠落。反派居然挺有深度的，有意思。
舌在足矣,看过,还行,2018-04-27 13:45:54,313,“妇联3和4是独立的故事不是上下集” 呵呵呵。这部不仅不是一个完整的独立成章的复仇者电影，甚至都不能算“复仇者”电影。多名核心成员未出现，没有一次集体亮相，哪怕是各小分队内部也缺乏协作，作为绝对精神领袖的队长甚至还不如星爵塑造的丰满。这部顶多只能叫“灭霸狂虐钢铁侠和雷神的小伙伴们”
red.,看过,较差,2018-04-26 04:09:40,335,关键点都好傻，我知道你要拍续集，我知道未来可以被重写， 但那一拳真的有点傻。
Henrique Asano,看过,较差,2018-04-29 09:53:28,318,极讨厌漫威的搞笑桥段，不断打断剧情气氛。角色太多，全片没有一个可称为人物，150分钟一直在说话，结果尽是下集的铺垫，连基本的发展、高潮都不及格
KC,看过,较差,2018-04-26 21:03:43,303,好了可以了。再也不看Marvel了。我努力过了。实在是。。啥呀这是。🙄️
噼里啪啦筱譚子°,看过,较差,2018-04-25 20:21:56,269,漫威电影有史以来最不照顾路人的一部电影了，混乱时间线，草率的结局，过于强大的反派，几处剧情衔接不流畅，香港尖沙咀影院25号13点 看完留。
黄青蕉,看过,还行,2018-05-11 18:35:40,224,莫名有种大过节的你就给我看这个！？的心情，五一没上是对的，太日狗了
法兰西胶片,看过,推荐,2018-05-11 12:47:37,234,三星半。灭霸在不断变强的过程中，仿佛产生了神性，所以后面的战斗他不断放水，也不主攻，有时候甚至故意让复联找机会干死自己，这是这部电影最有趣最“个体”的地方了。
來自咖喱星,看过,力荐,2018-04-25 23:10:55,312,来香港五年半，第二次在地铁上哭……
接地气美少女,看过,还行,2018-04-27 21:09:55,296,有种在家吃完火锅之后的空虚感
水怪,看过,还行,2018-05-03 18:28:44,213,前面睡了三分之一总算接着看完，灭霸：我最放心不下的还是困难群众，不如早死早超生吧。随机牺牲一半，幸福另一半，比咋们明目张胆的社会达尔文主义要公平。
用户,是否看过,五星评分,评论时间,有用数,评论内容
风间隼,看过,很差,2018-05-11 23:01:39,179,不爱任何一个超级英雄，但是也知道他们中每一个的魅力都来自不可复制的身世和独特人格，现在被批发到一部太空肥皂剧里，纷纷沦为人肉道具，吸引力不是N倍增加，而是变成了N分之一。战斗戏的编排和想象力都严重欠费，最后的反高潮透着一股市侩——真有本事你就到此为止，别拍续集。
蜉蝣,看过,较差,2018-05-04 23:05:16,212,看片之前男朋友说怕被我剧透要分手等到上映之后再和好…==无可救药的混乱和自大，分开看所有人物都是满满的槽点。对于非粉丝来说，看剧透比看电影清晰多了。
烟波人长安,看过,力荐,2018-05-11 16:20:38,242,灭霸明显入错行了啊，这手段、这心态，适合去搞计划生育！
亵渎电影,看过,还行,2018-05-11 22:17:42,152,其实漫威电影就是将工业化的美剧模式电影化，这种电影的价值和一集美剧差不多。这年头，虽然喜欢作者电影化美剧的人越来越多，但这种传统工业化的美剧还是大众化的主流，像《权力的游戏》《绝命毒师》那种，你也不能否认这类影视剧讲故事的能力，漫威电影也属于这类，只是特效至上，更加爆米花而已。
伊谢尔伦的风,看过,推荐,2018-05-12 21:51:14,177,结尾灭霸一个人坐在那里看日落好像小王子哦…………（眼神呆滞地说）
Velox,看过,还行,2018-04-26 13:07:30,190,群像剧角色越多，就越需要一两个人成为叙事中心。导演选了灭霸，没问题，但空有论点没有论证：他做事的动机居然只是几句道理，而他的抉择，牺牲，统统表现不足，这样观众怎么会对他投入感情？英雄由于数量过多，顾及不暇，除了幻视一对，其他人都像走程序的机器人。至于massive death，只是个廉价手段
夏小正,看过,力荐,2018-04-26 11:02:59,286,洛基上来就死太难过了，钢铁侠差点死的时候我简直要哭了！凌晨的首映满场！真心给力的很，每秒都觉得抓眼球。灭霸形象塑造的很成功！
乌鸦火堂,看过,推荐,2018-05-12 10:46:26,175,宇宙级计划生育补完计划，无产阶级革命家、宇宙计生办委员会灭主任跨越整个宇宙搜集龙珠召唤“响指”的故事。这部电影的副标题又名“后来的我们”，感谢星爵，让人期待《复仇者联盟4：逆转未来》！ps，某些人跟博士学着点，人家才是坚持不剧透
vampireslayer,看过,推荐,2018-04-25 20:32:45,238,瓦坎达大战真的是燃爆，索尔天神下凡的时候真的是看哭了，但是这个结局也太惨了点？满宝石手套灭霸骑脸还怎么翻盘。。。
StormBringer,看过,推荐,2018-04-29 21:34:04,191,洛基 卡魔拉 冬兵 黑豹 红女巫 幻视 格鲁特 飞鹰 Drax 星爵 蜘蛛侠 奇异博士 OUT！
...,看过,较差,2018-04-28 12:59:27,186,讲道理，没那么好看。这一代主打的感情和英雄迟暮，有点硬。结局很惊，随后很蒙，明明知道变土的都能回来，所以看到各种真情流露就有点僵。彩蛋就是在问观众要钱，谜底和新坑明年揭晓。妇联也变的像春晚一样，看久了没啥感觉了
瓦力,看过,推荐,2018-04-25 11:52:09,185,目前最好的《复联》！有故事、有情感、有强大反派（终于有了），动作戏场场精彩，几乎没有冷场，除了结局瞬间群发一大堆便当让悲壮过于廉价，其余部分非常满意，一对比《复联2》被衬得相当垃圾。只是灭霸的动机不太新鲜了，近点来说是《但丁密码》大反派阴谋的升级，不过从地球上升到宇宙层面。8.5/10
王大根,看过,推荐,2018-05-11 18:00:02,159,不要喜欢上任何东西任何人，反正你喜欢的一切都会灰飞烟灭就对了！灭霸是他妈宇宙计生办的吗我日，不过我以后倒是可以对外宣称“我爹爱我就像灭霸一样多”了……
锅包又又😜,看过,推荐,2018-05-11 22:35:17,175,灭霸好厉害啊，迷上灭霸了，这部电影干脆叫灭霸1好了。
空语因明,看过,推荐,2018-05-03 11:41:57,181,原来灭霸是一个应用生态学家，本集目标是降低人类种群数量，维持宇宙的生态平衡。就像美国鲤鱼泛滥的时候，人类做的就是屠杀鲤鱼。
完全被忽略人士,看过,推荐,2018-04-26 09:27:58,198,灭霸粉的盛宴，灭霸无敌，灭霸杰克苏。
江湖制霸小天王,看过,很差,2018-04-26 20:55:44,174,什么傻逼电影能不能稍微尊重一下角色。所有人强行降智降战斗力故意打不过的吧？现在看时代杂志的评价真的中肯，一部没有条理、温度，并且缺乏人性的电影。
\t^h/,看过,较差,2018-04-28 18:53:48,122,就和拍了十几年的剧集变肥皂剧后，series finale里各种角色都出来打个卡一样。继上一次的城市地名幻灯片后，这次来了宇宙地名幻灯片，求求他们能选个好看点的字体吗？对比之下愈发体会到了锤哥的帅还有马脸声线的出众。
何阿嵐,看过,推荐,2018-04-29 23:12:31,146,為事業，他帶著手下一同走過幾千光年的路。為達成理想，不惜忍痛犧牲家庭，鐵漢柔情，留下的男兒淚令人神傷。他不理別人質疑，一步一步成為又激進又有責任感的環保份子(全宇宙都知道有資源短缺問題，但沒有人願意來做，我來做)，確實係新一代男神指標，他叫Thanos，志願是將全宇宙一半人口消滅。
哪吒男,看过,推荐,2018-05-04 22:07:15,110,啥？啥？啥嘛！气到跺脚脚！星爵亲爸是种马精，岳父是计生委，也难怪他脑子不正常了。
用户,是否看过,五星评分,评论时间,有用数,评论内容
喜儿喂鸭正经地,看过,力荐,2018-04-29 05:36:32,124,雷神真男人！！！
大海里的针,看过,力荐,2018-05-11 13:00:15,132,集合了漫威电影的所有优点：最悲壮的诸神黄昏，最热血的瓦坎达，最man的美队，最绝望的史塔克，最捣乱的银护，真·最没存在感的蚁人，当然还有最牛逼的宇宙计生委——灭霸！
掉线,看过,还行,2018-05-11 21:48:30,88,【B-】对于大部分电影来说，它们需要细节填满情感与人物，但迪士尼“聪明”的选择了另一条路，《复联3》的悲壮感，90%都靠前作累积出的，观众对角色早已有的了解和喜爱，用一些不高明的手段调动便可让观众自行大量脑补继而感动。这种方法廉价而高效，但能算好电影吗？反正在我这不算。
寒枝雀静,看过,推荐,2018-04-25 19:46:39,114,B / 他们从曾经的童话光环里走出，最终不得不面对凡人无常而绝望的生死疲劳，所有抗争背后都是代价。简简单单一个最核心的“交换”概念拍出了属于漫威的《一一》。几个反类型的时刻都踩得很好，假如MCU停止于此刻或许可以算是一个光辉的结尾。三部复联最高，私人MCU前三。
惘然,看过,还行,2018-05-09 16:02:20,108,男人不要再说女人看重钻石了，你看灭霸为了集齐六颗钻石，把宇宙都要搞翻天了；女人也不要说男人不解风情，灭霸与天下为敌，不过是为了能悠闲地坐下来看看夕阳……#第一次get到了雷神的帅#
Paco,看过,还行,2018-05-12 13:48:12,74,1.严肃的时候太把自己当回事，插科打诨的时候太不把自己当回事。2.除了奇异博士几乎每场打斗都是轮流在交智商税，不砍手不用时间宝石的潜在解释只有xxx种结局之唯一赢法，促成因素是博士看最透，这剧本是本尼经纪人写的吗？3.不扯计生环保，都蠢成这样了，死不足惜留一半都后患，别复活了。
H2O.,看过,力荐,2018-05-11 20:59:27,107,又名：灭霸不为众人理解使命的阐述与理想的实现。
西楼尘,看过,还行,2018-05-15 13:42:08,90,黑寡妇和绿巨人一个对视你就懂了，星爵和雷神一个对话你就笑了，美国队长和冬日战士一个拥抱你就哭了。你懂那些错过，笑那些荒唐，哭那些重逢。灭霸打了个响指，你忽然和蜘蛛侠一样难过。难过的不是世界的坍圮，而是你分明看到银幕外的自己，带着不切实际的幻想和十年的回忆，在时间的烟尘里化为灰烬。
关键是be free,看过,力荐,2018-04-25 17:03:43,148,美队没死
zka411,看过,力荐,2018-04-23 00:57:36,74,我看过了  美国队长死了！！！！！！！！！！！！！
冰山的阴影,看过,较差,2018-05-11 02:39:09,120,凌晨两点半从首映的影院散场出来，空旷的街道仿佛确如半数以上人类消失的世界。路口的指示灯零星地闪烁，只有角落里的一只猫转过脑袋从容地和我对视，另外一只翘着尾巴从墙头跳下，钻进无人的车底。你是否愿意付出所有的市声喧嚣、尔虞纷争只换此刻永恒的宁静？突然就懂了灭霸。人间不值得。
汽车大师,看过,较差,2018-05-08 22:49:04,92,作为几亿级的大片，视觉想象力之匮乏也是没谁了，偏偏还是部靠场景划分的情景喜剧。美术指导、动作设计都是零分级
wojiangwojiang,看过,力荐,2018-05-11 10:17:44,103,爆米花电影 叫灭霸的宇宙计生委员会大妈指标达成后坐看夕阳西下一脸欣慰
Thomas,看过,还行,2018-04-29 13:52:19,70,前期没关注，只看到一百篇“没给演员真剧本”通稿。然而根本不需要什么剧本，而且剧本太烂了。
Lottie,看过,推荐,2018-05-13 00:02:51,75,星爵是全片最傻逼的……还有为啥不砍手……？？？？？？？
扭腰客,看过,力荐,2018-05-12 01:33:40,61,非常燃，非常爆米花，对得起“漫威宇宙”这个title。以及，灭霸的想法其实是社会达尔文主义的产物，说他是反派，倒不如说他是一个卓越的计生委主任呀！
何婊砸,看过,力荐,2018-04-27 23:10:26,90,复仇者联盟版“霍格沃茨大战”，灭霸收集无限宝石犹如伏地魔收集魂器。全片悲壮惨烈虐心至极，只能靠英雄们间的插科打诨和斗嘴调和气氛。锤基兄弟情深，卡魔拉星云姐妹情深，灭霸卡魔拉父女情深，铁人小虫“父子”情深，幻红爱侣情深。凡人外表出场的炮总禁欲气质帅到我了！Peter Dinklage竟然有参演！
珍妮的肖像,看过,推荐,2018-05-11 22:58:36,73,古道西风灭霸，夕阳西下，断肠人在瓦坎达。
TYPHiNa,看过,力荐,2018-05-20 13:18:00,2,我已經不知道說什麼了。。。2015.4.23标记想看//2018.5.20看。只有一种感受：虐！...并且很贱地开始期待下一部（如果说妇联3是被动期待，那么下一部就是犯贱的主动期待了。ಠ_ಠ
橙橙,看过,还行,2018-04-28 12:51:26,96,什么鬼结局？电影院的人都不想走，就因为不服气英雄们都灰飞烟灭了。还有，凭什么把钢铁侠搞得那么狼狈，却把锤子哥的威力捧那么高？？
用户,是否看过,五星评分,评论时间,有用数,评论内容
马小褂,看过,较差,2018-05-11 10:57:29,67,听我一句劝，非漫威粉丝真的别来看了。这片是我看过最不照顾路人的超级英雄电影，何必浪费两个半小时在影院里睡觉呢。所有角色基本都只有功能性，非常依赖粉丝对他们的场外了解去补完个性。完全靠虐粉来营造出伪莎剧式悲壮感，然而只有情绪却不存在动机，路人只会觉得廉价可笑。
德川大嘟嘟,看过,推荐,2018-05-13 13:10:28,74,你就说有多少人头是白送的……
peter,看过,还行,2018-04-25 14:19:38,100,在世界最大IMAX看首映，彩蛋结束所有人都静静地离开连交谈都没有，全部吓傻了
慕容复,看过,力荐,2018-05-12 18:04:58,83,第一次电影演完95%的人没走等着彩蛋。
文泽尔,看过,还行,2018-05-11 14:14:02,44,星际岳云鹏痛殴极端环保主义者终致全宇宙被迫参加俄罗斯轮盘赌 打戏精彩纷呈然而故事老套 部分角色为领便当罔顾逻辑
豆瓣浅度用户,看过,还行,2018-04-28 00:20:46,68,其实视角转换到反派那里，这就是一个修真爽文。漫威的肤浅在于，缤纷的世界观之下人性反而浅显；但即便美国主流文化十分值得批判，漫威也从未停止创新。疯狂的政治家实行无差别灭族政策，虽然是在以世界主义在卖票，但核心还是美国本位。电影充满美国政坛隐喻：包容内在异化，抵抗外在异化。
恶魔的步调,看过,力荐,2018-05-11 22:20:16,54,跟魔戒比，这是相当高魔了！灭霸，前计生委形象大使！小恶魔翻身记！彩蛋是灭一半人类只为Captain Marvel打个预告片！？最后感觉可以无缝连接到Leftovers去，加上在一艘形似工程师飞船上的异形梗……达蒙·林德洛夫（普罗米修斯）居然没掺和本片！最后灭霸也灰飞烟灭那就是神片了！
荔枝超人,看过,还行,2018-05-11 19:17:42,55,眼里只有猩红女巫。
刮刮油,看过,力荐,2018-05-13 12:18:22,67,无限战争告诉你，再宏大炫酷的战争，不如撅手指头来得实在。
假装在纽约,看过,推荐,2018-05-13 16:47:41,53,从电影院出来，看路上的每一个人，觉得他们下一秒就会变成流沙，就是这种怅然若失的挫败感。
葵花卷,看过,力荐,2018-04-28 20:59:04,87,演职员表出现的一瞬间，我相信漫威收到的怒火和刀片足够发展冶钢副业。
女神的秋裤,看过,力荐,2018-05-11 13:16:27,62,告别，是唯一的办法。刚刚还喊着卧槽，影片结束，字幕一出，影院突然很安静，只听到一个女生轻轻的抽泣声…
朝阳区白百合,看过,推荐,2018-05-11 11:44:45,50,美队戏份太少，锤哥帅到惊人！
.---- .----,看过,2018-04-30 20:39:54,2018-04-30 20:39:54,57,为了能静静地看日出，不堪其扰的泰坦人灭霸只好先花点时间把游客都赶走。
木由,看过,推荐,2018-04-26 07:30:58,65,1. 路不平大家铲，理不平复联管。2.爱你爱到杀死你。 3.期末小组作业遇到坑爹队友。4.热烈庆贺本人观影史上第一个（算是）成功了的反派诞生。Ps：时隔多年再次看到玄冥二老竟是友情客串大魔王小弟，真是百感交集。
文森特九六,看过,还行,2018-04-28 19:51:07,43,视听场面上无甚创新，甚至趋于平庸，故事走向也没有打破观众的心理预期与情感预设，但是，罗素兄弟还是将灭霸塑造成了漫威电影宇宙迄今为止最为复杂的角色，挣脱了向流行文化市场批量生产输送Pop偶像的桎梏，并以此取得了十年来最为深刻的一次沉淀，因此对未来和复联4，我还是期待的。
x will old,看过,很差,2018-04-21 11:41:59,26,bug多，套路老。我还想问一句。为什么奇异博士不谈判了？为什么卡魔拉一摔就死了？为什么不砍灭霸手？灵魂宝石，心灵宝石从头到尾有什么用处？最厉害的随从为什么领便当？为什么全宇宙都是空气？
indicent time,看过,力荐,2018-04-27 19:28:39,83,严重超出了我对这一部的期待，某个情感高潮竟然来自反派，某个主角映后大概率会被各种开会，看完难过程度让我想起小时候追圣斗士冥王篇，看着一个个黄金圣斗士死去的时候……
顾盼,看过,力荐,2018-05-11 19:35:53,74,灭霸是个老实人。也最终实现了自己的梦想。
橘貓,看过,推荐,2018-04-25 12:56:15,69,《復仇者聯盟3：無限之戰》最大的劣勢，是它始終是一部故事電影，電影需要有重心，儘管時間分配已經接近完美，但對那位「主角」來說，篇幅永遠不夠，重心依然顯得搖搖欲墜；而最大的優勢，則是它像你最愛的流行音樂歌手，終於出了承諾歌迷的十年音樂生涯精選輯。無論如何，你就是沒法不喜歡這張專輯。
用户,是否看过,五星评分,评论时间,有用数,评论内容
三月天的憨人,看过,力荐,2018-04-26 01:07:06,78,星爵你是猪吗，气死我了
大时代²歌姬,看过,推荐,2018-05-12 02:07:19,37,"“宇宙有限，资源有限，人口爆炸会导致资源枯竭生态恶化。我要控制人口，打下来，流下来，就是不能生下来。” 
灭霸就像一个《三体》书迷➕计生办主任的复合体。"
饮歌,看过,推荐,2018-04-27 11:24:11,65,原本以为自己不会再为漫威的大坑血脉喷张，可在这部作品面前还是认输了。导演太会调动观众情绪了，虽然太多梗可以说连老牙都掉光了，但每一位主角从亮相到征战，都一次次让我感到燃，感到精彩。在一个超级英雄被过度消费的今天，依然能有这样的观感，也许是对我们这十几年漫威情结最好的交代。
王大盆,看过,推荐,2018-05-12 17:58:15,51,我明天就飞美国和星爵办理离婚手续
godzilla,看过,力荐,2018-05-01 23:49:54,86,刚从电影院回来，叹为观止。节奏很快，场面恢宏，场景包括了宇宙中的很多国家。这部电影在我心目中的地位就如同上个世纪的star wars. 可惜豆瓣只有5星可以表达我的喜爱与对导演编剧的智慧的尊敬。漫威到底可以给我们展现多少惊喜，智慧与想象力，下一部见，英雄们💪💪💪
欢乐分裂,看过,还行,2018-05-11 13:08:17,30,大部分时间依旧是冗长无味的粗暴打斗，光环加身的超英们即使被虐千百遍，依然能续写神话，不过以虚无对抗虚无的结尾多少提升了立意，也暗示并非绝对二元对立的初衷；较前作有进步，各线铺排匀当，众多角色的存在也不再只是露脸，各自承受命运考验，在群戏中各有功能担当。
贡丸猩猩,看过,还行,2018-05-08 19:47:40,65,《复仇者联盟3：我爱的男人都死了》
安德烈大叔,看过,还行,2018-05-12 14:00:07,49,昏昏欲睡的前半场，后半场则仿佛嗅到了钦定的感觉，下一部大概率叫《复活者联盟》。
艾晨,看过,推荐,2018-05-12 08:21:34,36,75分。没有肆意狂轰滥炸，印象最深的台词是“你不会知道我今天经历了什么。可是我们没有时间悲伤。”《灭霸：丢了你，赢了全复联又如何》，《灭霸：没了你，毁了全世界又何妨》。然而神秘博士已经看透了一切，并剧透了下一集唯一战胜灭霸的可能就是史塔克。
时间之葬,看过,还行,2018-05-11 12:47:10,40,绝大部分人物能让人留下印象的，只有最后一刻的死亡
Sophie  Z,看过,2018-04-28 08:24:51,2018-04-28 08:24:51,46,眼泪都收回去了，最后一直在默念fuck fuck fuck。等复联4结束后再给分吧。这套路，估计是最后一部里是要牺牲活着的初代Avengers来换回变灰的所有人……
雨前羽街,看过,推荐,2018-05-12 00:28:48,37,电影拍成这样就不是电影了，是嘉年华，是联欢晚会，是花车游行，是马戏团，总之除了剧情外一切都那么美好！
陈朝,看过,推荐,2018-05-11 13:01:17,37,是一种，你看着人家十年来一步一步执行一个项目，几乎没出过大差错的服气。大工业。
文文周,看过,力荐,2018-05-01 15:04:33,39,宏大的布局，充实的叙事——几乎想象不到，有一天电影可以在140分钟里写出二十个以上主要人物参与的故事，为此，十年里的每一部单片，都做了必要的铺垫。——简直是工业史上一个成功到近乎伟大的构思，加上最顶尖的视听特效，这是一次商业电影的狂欢，和胜利。
阿措~❤,看过,推荐,2018-05-15 12:19:29,31,为啥要费那老鼻子劲脱手套？砍了他不行吗？急死人了。
過期貓糧,看过,还行,2018-05-12 19:10:57,23,也不能说不好看，又一部合格的爆米花片。但这种大拼盘真的很难在人性刻画出彩，使得正义的朋友们形象空洞单薄，仿佛一群乌合之众，倒是反派有自己坚持的信念，相对比较丰满。结局内心毫无波澜，准备的纸巾也没有用上。
瑾朵朵,看过,力荐,2018-05-13 14:05:52,20,为了衬托灭霸，各位英雄的智商和实力都出现断崖式下降↓
天马星,看过,推荐,2018-04-25 10:46:15,53,纵使不舍，总归要说再见，十年的陪伴匆匆而过，有人走有人留。当尘归尘土归土，一个宇宙的湮灭何尝不是另一个宇宙的重生，于是生与死便不再可怕，因为知道总有一个宇宙有人在守候，谨献给那些逝去的英雄，亦献给那些还在战斗的英雄，谢谢你们的陪伴！
凨子,看过,力荐,2018-05-15 23:25:36,0,"2015.5.12留爪，17年再会哈


看的都是情怀，一眨眼，三年过去了。（艺都大剧院）"
徐若风,看过,还行,2018-05-11 21:51:17,28,当转折失当、容量过度成为英雄人物庞杂集结后不可避免的缺点，复联3却连基本的责任都没做到。剧作的展开几乎是概念式的，看似紧凑，实际上一直在赶，场景之间的维系“迟滞感”很重。每段营造的“悲情”都怒吼着“我就是设计出来挖坑的，请看下部复活”。而所谓的史上最佳反派更是无趣，共情点强行扭。
用户,是否看过,五星评分,评论时间,有用数,评论内容
谋杀电视机,看过,还行,2018-05-12 20:42:19,20,感觉就像喝了十年的稀粥偶尔掺碗饭的饭店终于来了碗中规中矩的白米饭，然后被一堆人夸好像吃了八宝饭的感觉。讳莫如深的什么彩蛋和剧透掩盖的是羸弱无力的故事和人物，诺兰有怕过你知道小丑.贝恩.双面人是活着还是死了么？况且这集随随便便死的一半人下集肯定活
noodles省己,看过,很差,2018-04-27 06:49:33,59,灭霸真是的，多打一个响指，就好了
Helicopter,看过,较差,2018-05-03 15:32:40,40,一个紫心番薯🍠集齐六色珠的WTF故事...应该搞个金木水火土五色更接地气啊
科林,看过,力荐,2018-05-08 22:49:50,33,米老鼠收购20世纪狐狸后，致敬《异形》也就顺理成章了。南无阿弥陀佛，大慈大悲观世音灭霸，虽滥杀无辜半载，实则救生灵于涂炭，留绿水青山于后人，毕竟绿水青山就是金山银山，此乃圣贤也~~~
席德,看过,还行,2018-05-11 13:15:27,34,内心毫无波澜。反正会复活，不然漫威宇宙怎么继续圈钱。笑点是有点，但是真的不好看。局面越打越大，打动人心的程度却不如钢铁侠1，美国队长1那时单纯的惩恶扬善、自我救赎。对所谓的劲爆场面，我的感觉就是看了无数场群殴。消灭半个宇宙是打算干嘛？是单双号限行给你的灵感吗？干脆全消灭了干净啊。
灿灿,看过,推荐,2018-04-28 13:03:13,49,漫威的电影早已舍弃了剧情，看的就是特效和打斗，罗素兄弟将自己写实的动作戏和场面调度发挥到了极致，全程高能没尿点。相比复联1的全主角群戏，这部灭霸才是男主。其他演员基本都是常规操作，只有乔什·布洛林真的是用演技在那张紫薯脸上诠释灭霸！二刷完我现在只关心他下部的命运，求轻虐…
荀水,看过,推荐,2018-05-11 22:39:29,41,剧情出乎意料的不错，当然特效也是一如既往的给力，四星。
Tony,看过,较差,2018-04-29 12:46:22,42,拍的真垃圾。结尾什么鬼 没看懂什么意思. Worst marvel movie ever. Time-wasted piece of shit
河堤上的貓,看过,力荐,2018-05-10 23:51:11,42,特效打鬥都非常刺激好看啊！一如既往的有水準 很精彩 期待下一集
马达,看过,力荐,2018-05-12 00:53:53,24,非常感动，人类电影工业的最高水平，看完想去投身电影行业的冲动。
世界尽头,看过,推荐,2018-05-11 17:42:03,39,节奏快，英雄多，看得真是非常过瘾了。这集反派特别给力，看着我们的英雄们被各种按在地上摩擦真的好心疼，期待下一集。
mideastsptfire,看过,较差,2018-05-02 12:50:26,32,Emotional terrorism. 结尾大战男女分开，编剧体育老师. Thanos也信Malthus...有了对比Age of Ultron的剧本瞬间完整. okoye和stark两个眼神是全片唯二笑点. scarlet witch的毛子口音没了 可能和机器人谈恋爱就是为了练口语吧…
想变兔子的薄荷,看过,力荐,2018-05-11 07:34:00,64,便当看得我心巨累，便当不要钱吗导演，能不能不要到彩蛋还在发继续啊啊啊啊啊啊
呆萌小七,看过,力荐,2018-05-11 22:53:27,49,看完毫不犹豫的5星，太赞了，特效炫酷，致我心中永远的英雄！
Emily,看过,推荐,2018-05-11 20:03:41,41,特效很酷炫，剧情反套路，抛了很多梗。
浅时光,看过,力荐,2018-05-11 16:30:29,43,刚从电影院出来，不一样的英雄，有感情的灭霸，大结局一些人消失的时候，忍不住哭了😭。下一部，等你来，英雄不再见
Mr.Charles,看过,还行,2018-04-27 14:30:34,35,垃圾漫威 毁我青春
百草幽香,看过,很差,2018-05-03 12:07:44,34,艹他大爷的漫威！滚犊子吧。我没看，但我就是想打一星。现在想想，难怪CE连洛杉矶首映都没去呢，一共就他妈6分钟的戏，谁在乎这鸟片啊。
倾内,看过,推荐,2018-05-12 18:10:09,30,大boss是个无惧背负骂名的实干派
傻冒叔,看过,推荐,2018-05-12 22:44:16,36,虽然是爆米花圈钱大片，可结尾那么长的字幕，可见汇聚了多少细分行业多少人才，技术达到极致就是艺术啊。
用户,是否看过,五星评分,评论时间,有用数,评论内容
谢谢你们的鱼,看过,力荐,2018-05-11 02:24:00,14,爽炸，仅次于《美队3》的漫威电影，编剧逆天，导演开挂，从头到尾都是高潮，尖叫连连，《权力的游戏》，你怕了吗？
Iberian,看过,还行,2018-04-27 08:44:36,33,"字幕开始滚动后，第一排有人大喊""I want my money back""，最后一排有人迫不及待地开始飞叶子，满厅飘香。Me? I am just very confused."
皮革业,看过,还行,2018-05-16 15:00:35,18,这个故事告诉我们，掌握世界甚至宇宙的，永远都是那种迎曙光晨勃、看夕阳落泪、爱收干闺女、说到做到的老派男人。
游来游去,看过,推荐,2018-04-27 04:50:54,41,复仇者联盟4：轮回天生
名川,看过,推荐,2018-05-11 03:08:37,48,所有人都兴冲冲来看复联3，看完又都奔丧一样地走出去。
路西法尔,看过,还行,2018-05-11 13:44:41,13,很久没见过外星怪兽无脑冲锋了，很怀念。其实打灭霸鹰眼和死侍就够了，一个不死之身一个自动回避所有flag，看旺达的表现凤凰女单挑灭霸估计也没压力，吹飞是最无用的技能。漫威两个压箱底的绝招：串门和拆CP，内战就是拆CP，这次更是一口气拆了所有的CP，靠把这些CP正过来漫威就还能再续十年。
啵酱,看过,还行,2018-05-11 15:02:26,48,分好高，可是结局真的令人失望，仓促凌乱，是导演敷衍还是功力下降？
l ǐ,看过,力荐,2018-05-12 02:34:57,35,……我永远喜欢托尼·史塔克。
薛特勒拉底,看过,力荐,2018-04-26 10:03:54,45,一场从一千四百万零六百零五种可能性里寻求唯一解的游戏。紧凑到完全没有反应时间，可以挂着泪珠哈哈大笑，这时候无比感激那些嘴炮宝宝逗比宝宝抚平内心伤痕。情绪给人酝酿最久的是等彩蛋那一会儿了吧。给国内同胞和这十年一剑最大的尊重是毫不剧透。
王写写,看过,还行,2018-05-08 17:14:25,25,看完后波澜不惊。没多失望也没多满意。快感时不时有点，更多时候只有旁观之感。没指望它能把角色都塑造立体，其他部分也就不过不失。包括灭霸本身，是比过往的反派更生动些，但也止步于此。亲情戏成为唯一的新维度，动机和策略却仍是刻板的直线条。影片前段令人兴奋，越往后越疲软，最终浪费了情感高潮
囧囧有神晨小咩,看过,推荐,2018-05-12 16:13:23,24,看完懵了，现在都没缓过来。
基瑞尔,看过,推荐,2018-05-11 20:48:24,16,结束出影院戴上耳机听歌，手机突然放到安安的《Hero》...“I'll be your hero...”我竟然一个爆哭讲真的。面对喜欢的演员在漫威总是一件玄学的事，一方面希望赶紧抽身，不要浪费艺术生涯看多样化的角色；一方面真来了又会难过...【庆祝自己16天成功断网yoyoyo...！等Brie Larson小姐驾到！
方枪枪,看过,推荐,2018-05-11 03:08:58,21,就像是一锅大杂烩，但完成度颇高，插科打诨和大场面还是之前漫威的老路子，当然这一部确实很悲壮。娱乐性极高的爆米花电影，现场出来，发现看哭了不少姑娘，何必呢？奇异博士前后反差有伏笔，当然还有最后留下来的那些人，其实也有门路在里面。星爵顺风浪一波，神坑队友，绿巨人这部真的是怂。3.7
陆支羽,看过,推荐,2018-05-11 21:33:17,18,3.5。1.不灭不霸，是宿命，是羁绊，是即便众叛亲离也要拿到玩具的执念；这种超脱野心的天真，造就了灭霸这个角色的成功。2.漫威绞尽脑汁反套路的努力：本以为会死的没死，不相信会死的死了。3.不管会否逆转未来，至少我愿意勇敢面对，英雄也可能死得轻于鸿毛；造了十年不死传奇，终于残酷一把，挺好。
UrthónaD'Mors,看过,推荐,2018-05-11 15:02:11,23,其实灭霸是环保局的终极左翼分子吧？除了Loki死了真的觉得很可惜之外，我觉得剩下那些消逝的人，存活的人只，战斗力被大大削弱的人还是等第四部见分晓吧，毕竟“爱奇艺”博士说这是only way，但最可怜背锅侠只能送给搅屎棍星爵了～ps始终闹不明白这波死到底是随机还是有一定概率问题
LF,看过,推荐,2018-05-12 10:25:04,29,喜欢灭霸：大块头，结实的肌肉，不花哨的打扮，简朴而精确的出拳，从不躲闪坚持正面刚的战斗风格，坚毅的眼神，远大的梦想，毫不说废话的行动风格，脚踏实地完成目标的人生哲学。
七颗栗子,看过,推荐,2018-05-14 22:50:24,13,在知乎和贴吧看了会儿漫威讨论，发现能打灭霸的各路神仙竟有一大堆。什么地球神级，宇宙级，多元宇宙级！超大宇宙级！全能宇宙级！很多角色的能力比我小时候觉得最夸张的七龙珠还要夸张一亿倍。男孩子基本上不讨论爱恨情仇，只讨论谁比谁厉害。漫威大概称得上“男孩子终极豪华套餐”了。
等一个人,看过,力荐,2018-05-14 09:15:56,16,我喜欢阿灭
王食欲,看过,推荐,2018-05-11 22:25:05,29,浩克真是个实在汉子啊！
肖恩恩恩恩肖,看过,推荐,2018-05-12 17:12:28,15,前半场悲剧氛围渲染到位，我就把它当美少女战士的最后一集看了。正当猜测到底哪位才是根正苗红的公主水兵月的时候，下半场不知不觉就结束了……赌五毛钱下一集会逆转未来，大家就当这一部什么都没发生过好了。#响指
用户,是否看过,五星评分,评论时间,有用数,评论内容
路易绕,看过,力荐,2018-05-11 02:30:53,35,辛辛苦苦搞十年，一夜回到解放前。
美神经,看过,推荐,2018-05-11 21:14:42,10,有点小小的难过，从头压制到尾。结局是邪恶战胜了正义，但是看到灭霸在独自一人看落日的时候，突然觉得他得到了一切，却又失去了很多，幸亏他还能看见落日
帽匠,看过,推荐,2018-04-26 00:31:32,53,漫威不要脸，到底谁死了，谁没死，谁真死，谁假死，把话说清楚再走！
Ann,看过,推荐,2018-05-01 10:14:47,12,一个马尔萨斯学派的super villain。
Evarnold,看过,力荐,2018-05-11 02:57:39,25,我死硬地说，复联3仍然没有超过黑暗骑士。但。。。也没差多少了。。。刀片概念股将大涨，届时漫威熔个铁王座吧！
安蓝·怪伯爵,看过,力荐,2018-05-13 14:04:18,15,全程我只希望灭霸赶紧集齐宝石打个响指把电影院聊逼天儿的傻逼们都灰飞了！
野子,看过,力荐,2018-05-15 20:16:17,17,莫名觉得灭霸很可爱，看到最后想和他一起看日出。
血腥小伙伴,看过,还行,2018-05-12 10:26:33,54,星爵死了差评，星爵人设崩了差评，星爵胖了差评
城南草木生,看过,推荐,2018-05-11 22:10:22,22,反对计划生育。
花落月西,看过,力荐,2018-05-14 17:13:36,1,不充会员你们就想打过已开通蓝、紫、绿、黄、红、橙钻的人民币玩家？
京客隆小丸子,看过,推荐,2018-05-11 23:51:33,21,求出灭霸系列
猕猴桃将军,看过,还行,2018-05-01 20:41:16,32,全程观感：在吃重庆老火锅 突然往里下了一盘酸菜馅饺子 刚吃了几口又往里加了山东煎饼卷大葱 一碗米饭 一份拍黄瓜 一份干锅鸭头 然后喊服务员来加汤 直接一盒汇源果汁倒锅里了
hit the sack,看过,还行,2018-05-02 08:15:09,25,"本来“一个响指抹一半”只是无限宝石力量的冰山一角、不足为奇，却改成“集齐六颗才能打响指”、“集齐六颗只为响指”，真是笑话，也不知道mind stone和抹除生命有什么必然关系？
另，以为多死几个人就是史诗了？贱过浑过现在想正经了，怎么让人正经得起来？观众凭什么要在乎这些无心角色的死活？"
El Guaje,看过,推荐,2018-04-27 02:56:09,33,没办法，队长出现刹那还是泪了一下……兜转那么多年过去，才发觉自己最爱的始终是三巨头——如今看来，一切也确实要由他们仨来结束了。
饱肚师叔,看过,推荐,2018-05-03 10:09:48,24,最后大反派到的异度空间我一瞬间以为是天庭并且接见他的是太上老君。
Bulbasaur,看过,力荐,2018-05-02 09:26:10,45,近年来，漫威作品一直保持着很高的水准。这部电影已经把战场扩大到了整个星际，仍然是我们熟悉的英雄们，不过添加了很多新的人物。智慧，流畅的故事线，惊人的视觉特效，很多的超级英雄，绝对值得票价和时间。
隔壁山田,看过,还行,2018-05-12 20:10:59,17,就不需要看漫画了解灭霸的成长经历，他从哪来他经历了什么他怎可能真爱卡魔拉……只要在内地深度活过这几年，都会很自然地理解：我有深爱的人，同时也愿意与那些混蛋同归于尽。
antares,看过,力荐,2018-05-11 03:05:19,19,灭霸这个想法感觉也不是不可以理解……
诸葛不要·星,看过,推荐,2018-05-11 16:51:29,21,谁能横刀立马，唯有灭霸将军。灭霸戏很足，一改往年漫威反派弱鸡戏码。有亲情，有身世，二十几位超英沦为手下败将。谈笑间，半个宇宙，响指灰飞烟灭。多个CP被虐散，惨惨惨。罗素兄弟导演调度强，多线叙事却不乱，梗一个接一个，超英时间虽有限，每人戏份却出彩。凭谁问，灭霸老矣，尚能打否？
ｙｏｋｏ,看过,力荐,2018-04-27 04:09:02,39,年度绝望电影。
用户,是否看过,五星评分,评论时间,有用数,评论内容
妖孽坐地成仙,看过,力荐,2018-05-12 01:09:37,19,本质上灭霸也没错，走的还是可持续发展的道路。最后就是灭霸幸福的看日出日落？
蔕,看过,力荐,2018-05-11 23:17:11,20,没有给观众一刻缓冲时间，故事就在突然的绝望中戛然而止。这是我看过的所有影视作品中最强大的反派BOSS，而且有着信念和理智，冷静追求着他的追求。漫威世界里，不论超级英雄还是反派，都体现着人的一面，也许他们强大如神，但悲伤和苦痛，与我们一样。5星以上，我爱Avengers每个人，期待明年
释凡,看过,较差,2018-05-13 21:32:38,11,漫威清楚瞎编凑英雄乱打，骂一万只草泥马，却不能枪毙丫的，就拍欺世盗名伪神作！比《黑豹》差一万《蝙蝠侠大战超人》灭霸人口灭绝理论弱智脱离现实，雷神炸不死漂流被愣救？卡魔拉养女？给雷神眼珠就按上？纳米技术蜘蛛侠就背上长银钩？恢弘群P血战，山寨克赛时间复活秒杀幻灭，宇宙无敌为独看夕阳？
躲猫猫社社长,看过,2018-04-26 15:38:34,2018-04-26 15:38:34,16,Where? Who? Why?! Take that! 请听下回分解。 人太多太杂了？合同要到期了？那大家先散了吧。Let’s not pretend that there’s any real stakes in the MCU.
Q。,看过,推荐,2018-05-14 23:20:56,10,灭霸，一个自律且牛逼的男人★★★★
火火,看过,力荐,2018-05-03 09:01:58,19,"新出来很多角色，比如树孩子，小浣熊……. 节奏真的很快，英雄很多，你必须全神贯注。
坏人很有深度也很让人同情。钢铁侠作为蜘蛛侠的导师，很有爱。场面之恢弘，让人叹为观止。"
江山如是,看过,力荐,2018-05-12 23:34:33,25,多久没碰到一部让全场观众忍耐十分钟片尾等十几秒彩蛋的电影了！
Terence_W_Yang,看过,还行,2018-04-29 02:59:01,21,一部极高风险的作品但显然只拍了一半，如此多角色的多线程安排令剪辑几乎崩溃了，但漫威这么多年的铺垫可以说还是获得了回报，只是革命尚未完成，但无疑能确定的是，漫威的成功在于全面的角色定位，而这次灭霸是绝对的全场最佳，恐惧感和力量感都非常好。
妙可中国,看过,推荐,2018-04-30 16:48:54,10,有着许多小情节和多部前作铺垫下的惊喜，可大体仍是一次预期内的阶段性总结。肤浅的笑料频频打断情绪，基本成了当今迪宝漫威出品的一贯作风，诚然灭霸在这里是被当作核心主角来处理，也比往届一部死的反派成功的多，但英雄这边，至终都缺少一两位核心，美队纯粹打手示人。（幻视女巫还是赚足眼泪的。）
纤纤,看过,还行,2018-05-11 08:08:07,16,漫威迷不容错过，普通人看个热闹+特效，票价还算值。
Amiko。柒。,看过,力荐,2018-05-11 16:09:01,10,好生气哦好绝望啊但是我还是要给五星啊。控制不住我寄几。（美队不梳油头我get了他的帅点。
吮指原味田鸡,看过,较差,2018-04-27 04:00:11,40,经过十年不懈努力，漫威对商业片的理解终于达到了张艺谋的水平。
小馒头超可爱,看过,推荐,2018-05-12 00:57:20,46,小蜘蛛😭😭😭😭别走啊小蜘蛛
公蝇,看过,很差,2018-05-11 01:03:13,14,一个前同事很期待呢，还说要把剧透的任何人拉黑，公主脾气，恶心，直接一星。
品客,看过,推荐,2018-05-13 20:07:18,8,当你觉得漫威越来越无聊越来越同质化，把复仇者联盟当作春晚看热闹时，这部阶段性的句号竟然拍出了感叹号的水准，比想象中好太多了，而且对于灭霸的角色塑造很有深度，第一次看到绝对中立阵营的反派。
七月的色烈芬_,看过,推荐,2018-05-02 02:28:05,17,有剧透#计生办局长灭霸莫名其妙杀了半宇宙人之后无所事事地看日出真是醉了。除了黑豹这个渣渣几乎每个主要英雄都在和灭霸交手中露了两手帅爆了。然而没齐宝石的情况下都被碾压成这样并且死了一半【死剩的都是一代英雄】坑挖那么大下一场怎么填！最后 星爵不拖出去枪毙二十分钟真对不起各位了。
窗窗,看过,较差,2018-04-26 09:38:15,46,感觉就像看了一台小品精选………从摄影到剪辑，割裂感非常严重。真正喜欢的只有星爵吃醋+爱丁堡落难鸳鸯两段
尼日利亚黑珍珠,看过,推荐,2018-05-11 16:06:56,7,我的瓦坎达！！！！我的国王陛下！！！！啊啊啊啊啊啊，死紫薯精！！！话说灭霸从头到尾就无敌啊！！！从头到尾！！！还打个什么劲？！
何小沁,看过,推荐,2018-05-12 22:30:48,15,看的时候我脑子里只有四个字：巨星光环，每个角色/IP都是巨星，每个演员都是巨星，当然最强巨星是漫威，只有漫威这样的厂牌能用十年时间将宇宙概念推向全球观众。这一集再不用像前两集那样冗长地铺垫，分分钟都是爆点。这一次反派成为“主角”，英雄集体陷入空前绝望境地。这次奇异博士好圈粉，超爱
维雪魂,看过,还行,2018-05-11 03:33:03,9,罗素兄弟优缺点都比较明显了：他能设计出非常出色的动作场面，花样层出不穷，然而叙事真不是他的强项，想要顾及情感和氛围的处理、多花笔墨营造史诗悲壮感更是难上加难。简单的故事交他手上能把电影优点最大化（美队2）。而过于复杂的故事让他的缺点暴露的十分明显，优点随之被掩盖下去（复联3）。
